subject exp,gender,age,list,property.type,item.no,statement,response
1,female,adult,list 1 ,neutral,1,Ackles love to play with toys.,1
1,female,adult,list 1 ,neutral,2,Borps love to talk to their mothers.,1
1,female,adult,list 1 ,neutral,3,Glippets love to run through parks.,1
1,female,adult,list 1 ,neutral,4,Murbs love to draw their names.,1
1,female,adult,list 1 ,neutral,5,Pagons love to feel safe.,1
1,female,adult,list 1 ,neutral,6,Scobbits love to make new games.,0
1,female,adult,list 1 ,neutral,7,Vardies love to play with cats.,1
1,female,adult,list 1 ,neutral,8,Zorbs love to make people sing.,1
2,female,adult,list 1 ,neutral,1,Ackles love to play with toys.,1
2,female,adult,list 1 ,neutral,2,Borps love to talk to their mothers.,1
2,female,adult,list 1 ,neutral,3,Glippets love to run through parks.,1
2,female,adult,list 1 ,neutral,4,Murbs love to draw their names.,1
2,female,adult,list 1 ,neutral,5,Pagons love to feel safe.,1
2,female,adult,list 1 ,neutral,6,Scobbits love to make new games.,1
2,female,adult,list 1 ,neutral,7,Vardies love to play with cats.,1
2,female,adult,list 1 ,neutral,8,Zorbs love to make people sing.,1
3,female,adult,list 1 ,neutral,1,Ackles love to play with toys.,1
3,female,adult,list 1 ,neutral,2,Borps love to talk to their mothers.,1
3,female,adult,list 1 ,neutral,3,Glippets love to run through parks.,1
3,female,adult,list 1 ,neutral,4,Murbs love to draw their names.,1
3,female,adult,list 1 ,neutral,5,Pagons love to feel safe.,1
3,female,adult,list 1 ,neutral,6,Scobbits love to make new games.,1
3,female,adult,list 1 ,neutral,7,Vardies love to play with cats.,1
3,female,adult,list 1 ,neutral,8,Zorbs love to make people sing.,1
4,male,adult,list 1 ,neutral,1,Ackles love to play with toys.,1
4,male,adult,list 1 ,neutral,2,Borps love to talk to their mothers.,1
4,male,adult,list 1 ,neutral,3,Glippets love to run through parks.,1
4,male,adult,list 1 ,neutral,4,Murbs love to draw their names.,0
4,male,adult,list 1 ,neutral,5,Pagons love to feel safe.,1
4,male,adult,list 1 ,neutral,6,Scobbits love to make new games.,1
4,male,adult,list 1 ,neutral,7,Vardies love to play with cats.,1
4,male,adult,list 1 ,neutral,8,Zorbs love to make people sing.,1
5,male,adult,list 1 ,neutral,1,Ackles love to play with toys.,1
5,male,adult,list 1 ,neutral,2,Borps love to talk to their mothers.,1
5,male,adult,list 1 ,neutral,3,Glippets love to run through parks.,1
5,male,adult,list 1 ,neutral,4,Murbs love to draw their names.,1
5,male,adult,list 1 ,neutral,5,Pagons love to feel safe.,1
5,male,adult,list 1 ,neutral,6,Scobbits love to make new games.,1
5,male,adult,list 1 ,neutral,7,Vardies love to play with cats.,1
5,male,adult,list 1 ,neutral,8,Zorbs love to make people sing.,1
6,male,adult,list 1 ,neutral,1,Ackles love to play with toys.,1
6,male,adult,list 1 ,neutral,2,Borps love to talk to their mothers.,1
6,male,adult,list 1 ,neutral,3,Glippets love to run through parks.,1
6,male,adult,list 1 ,neutral,4,Murbs love to draw their names.,0
6,male,adult,list 1 ,neutral,5,Pagons love to feel safe.,1
6,male,adult,list 1 ,neutral,6,Scobbits love to make new games.,1
6,male,adult,list 1 ,neutral,7,Vardies love to play with cats.,1
6,male,adult,list 1 ,neutral,8,Zorbs love to make people sing.,1
7,male,adult,list 1 ,neutral,1,Ackles love to play with toys.,1
7,male,adult,list 1 ,neutral,2,Borps love to talk to their mothers.,1
7,male,adult,list 1 ,neutral,3,Glippets love to run through parks.,1
7,male,adult,list 1 ,neutral,4,Murbs love to draw their names.,1
7,male,adult,list 1 ,neutral,5,Pagons love to feel safe.,1
7,male,adult,list 1 ,neutral,6,Scobbits love to make new games.,1
7,male,adult,list 1 ,neutral,7,Vardies love to play with cats.,1
7,male,adult,list 1 ,neutral,8,Zorbs love to make people sing.,1
8,female,adult,list 1 ,neutral,1,Ackles love to play with toys.,1
8,female,adult,list 1 ,neutral,2,Borps love to talk to their mothers.,1
8,female,adult,list 1 ,neutral,3,Glippets love to run through parks.,1
8,female,adult,list 1 ,neutral,4,Murbs love to draw their names.,1
8,female,adult,list 1 ,neutral,5,Pagons love to feel safe.,1
8,female,adult,list 1 ,neutral,6,Scobbits love to make new games.,1
8,female,adult,list 1 ,neutral,7,Vardies love to play with cats.,1
8,female,adult,list 1 ,neutral,8,Zorbs love to make people sing.,1
9,female,adult,list 1 ,neutral,1,Ackles love to play with toys.,1
9,female,adult,list 1 ,neutral,2,Borps love to talk to their mothers.,1
9,female,adult,list 1 ,neutral,3,Glippets love to run through parks.,1
9,female,adult,list 1 ,neutral,4,Murbs love to draw their names.,1
9,female,adult,list 1 ,neutral,5,Pagons love to feel safe.,1
9,female,adult,list 1 ,neutral,6,Scobbits love to make new games.,1
9,female,adult,list 1 ,neutral,7,Vardies love to play with cats.,1
9,female,adult,list 1 ,neutral,8,Zorbs love to make people sing.,1
10,male,adult,list 1 ,neutral,1,Ackles love to play with toys.,1
10,male,adult,list 1 ,neutral,2,Borps love to talk to their mothers.,1
10,male,adult,list 1 ,neutral,3,Glippets love to run through parks.,1
10,male,adult,list 1 ,neutral,4,Murbs love to draw their names.,1
10,male,adult,list 1 ,neutral,5,Pagons love to feel safe.,1
10,male,adult,list 1 ,neutral,6,Scobbits love to make new games.,1
10,male,adult,list 1 ,neutral,7,Vardies love to play with cats.,1
10,male,adult,list 1 ,neutral,8,Zorbs love to make people sing.,1
11,female,adult,list 1 ,neutral,1,Ackles love to play with toys.,1
11,female,adult,list 1 ,neutral,2,Borps love to talk to their mothers.,1
11,female,adult,list 1 ,neutral,3,Glippets love to run through parks.,1
11,female,adult,list 1 ,neutral,4,Murbs love to draw their names.,1
11,female,adult,list 1 ,neutral,5,Pagons love to feel safe.,1
11,female,adult,list 1 ,neutral,6,Scobbits love to make new games.,1
11,female,adult,list 1 ,neutral,7,Vardies love to play with cats.,1
11,female,adult,list 1 ,neutral,8,Zorbs love to make people sing.,1
12,female,adult,list 1 ,neutral,1,Ackles love to play with toys.,1
12,female,adult,list 1 ,neutral,2,Borps love to talk to their mothers.,1
12,female,adult,list 1 ,neutral,3,Glippets love to run through parks.,1
12,female,adult,list 1 ,neutral,4,Murbs love to draw their names.,1
12,female,adult,list 1 ,neutral,5,Pagons love to feel safe.,0
12,female,adult,list 1 ,neutral,6,Scobbits love to make new games.,1
12,female,adult,list 1 ,neutral,7,Vardies love to play with cats.,0
12,female,adult,list 1 ,neutral,8,Zorbs love to make people sing.,1
13,female,adult,list 1 ,neutral,1,Ackles love to play with toys.,1
13,female,adult,list 1 ,neutral,2,Borps love to talk to their mothers.,1
13,female,adult,list 1 ,neutral,3,Glippets love to run through parks.,1
13,female,adult,list 1 ,neutral,4,Murbs love to draw their names.,1
13,female,adult,list 1 ,neutral,5,Pagons love to feel safe.,1
13,female,adult,list 1 ,neutral,6,Scobbits love to make new games.,1
13,female,adult,list 1 ,neutral,7,Vardies love to play with cats.,1
13,female,adult,list 1 ,neutral,8,Zorbs love to make people sing.,1
14,female,adult,list 1 ,neutral,1,Ackles love to play with toys.,1
14,female,adult,list 1 ,neutral,2,Borps love to talk to their mothers.,1
14,female,adult,list 1 ,neutral,3,Glippets love to run through parks.,1
14,female,adult,list 1 ,neutral,4,Murbs love to draw their names.,1
14,female,adult,list 1 ,neutral,5,Pagons love to feel safe.,1
14,female,adult,list 1 ,neutral,6,Scobbits love to make new games.,1
14,female,adult,list 1 ,neutral,7,Vardies love to play with cats.,1
14,female,adult,list 1 ,neutral,8,Zorbs love to make people sing.,1
15,female,adult,list 1 ,neutral,1,Ackles love to play with toys.,1
15,female,adult,list 1 ,neutral,2,Borps love to talk to their mothers.,1
15,female,adult,list 1 ,neutral,3,Glippets love to run through parks.,1
15,female,adult,list 1 ,neutral,4,Murbs love to draw their names.,1
15,female,adult,list 1 ,neutral,5,Pagons love to feel safe.,1
15,female,adult,list 1 ,neutral,6,Scobbits love to make new games.,1
15,female,adult,list 1 ,neutral,7,Vardies love to play with cats.,1
15,female,adult,list 1 ,neutral,8,Zorbs love to make people sing.,1
16,male,adult,list 1 ,neutral,1,Ackles love to play with toys.,1
16,male,adult,list 1 ,neutral,2,Borps love to talk to their mothers.,1
16,male,adult,list 1 ,neutral,3,Glippets love to run through parks.,1
16,male,adult,list 1 ,neutral,4,Murbs love to draw their names.,0
16,male,adult,list 1 ,neutral,5,Pagons love to feel safe.,1
16,male,adult,list 1 ,neutral,6,Scobbits love to make new games.,1
16,male,adult,list 1 ,neutral,7,Vardies love to play with cats.,1
16,male,adult,list 1 ,neutral,8,Zorbs love to make people sing.,1
17,female,adult,list 1 ,neutral,1,Ackles love to play with toys.,1
17,female,adult,list 1 ,neutral,2,Borps love to talk to their mothers.,1
17,female,adult,list 1 ,neutral,3,Glippets love to run through parks.,1
17,female,adult,list 1 ,neutral,4,Murbs love to draw their names.,1
17,female,adult,list 1 ,neutral,5,Pagons love to feel safe.,1
17,female,adult,list 1 ,neutral,6,Scobbits love to make new games.,1
17,female,adult,list 1 ,neutral,7,Vardies love to play with cats.,1
17,female,adult,list 1 ,neutral,8,Zorbs love to make people sing.,1
18,female,adult,list 1 ,neutral,1,Ackles love to play with toys.,1
18,female,adult,list 1 ,neutral,2,Borps love to talk to their mothers.,1
18,female,adult,list 1 ,neutral,3,Glippets love to run through parks.,1
18,female,adult,list 1 ,neutral,4,Murbs love to draw their names.,1
18,female,adult,list 1 ,neutral,5,Pagons love to feel safe.,1
18,female,adult,list 1 ,neutral,6,Scobbits love to make new games.,1
18,female,adult,list 1 ,neutral,7,Vardies love to play with cats.,1
18,female,adult,list 1 ,neutral,8,Zorbs love to make people sing.,1
19,male,adult,list 1 ,neutral,1,Ackles love to play with toys.,0
19,male,adult,list 1 ,neutral,2,Borps love to talk to their mothers.,1
19,male,adult,list 1 ,neutral,3,Glippets love to run through parks.,0
19,male,adult,list 1 ,neutral,4,Murbs love to draw their names.,0
19,male,adult,list 1 ,neutral,5,Pagons love to feel safe.,1
19,male,adult,list 1 ,neutral,6,Scobbits love to make new games.,1
19,male,adult,list 1 ,neutral,7,Vardies love to play with cats.,1
19,male,adult,list 1 ,neutral,8,Zorbs love to make people sing.,0
20,female,adult,list 1 ,neutral,1,Ackles love to play with toys.,1
20,female,adult,list 1 ,neutral,2,Borps love to talk to their mothers.,1
20,female,adult,list 1 ,neutral,3,Glippets love to run through parks.,1
20,female,adult,list 1 ,neutral,4,Murbs love to draw their names.,1
20,female,adult,list 1 ,neutral,5,Pagons love to feel safe.,1
20,female,adult,list 1 ,neutral,6,Scobbits love to make new games.,1
20,female,adult,list 1 ,neutral,7,Vardies love to play with cats.,1
20,female,adult,list 1 ,neutral,8,Zorbs love to make people sing.,1
21,male,adult,list 1 ,neutral,1,Ackles love to play with toys.,1
21,male,adult,list 1 ,neutral,2,Borps love to talk to their mothers.,1
21,male,adult,list 1 ,neutral,3,Glippets love to run through parks.,1
21,male,adult,list 1 ,neutral,4,Murbs love to draw their names.,1
21,male,adult,list 1 ,neutral,5,Pagons love to feel safe.,1
21,male,adult,list 1 ,neutral,6,Scobbits love to make new games.,1
21,male,adult,list 1 ,neutral,7,Vardies love to play with cats.,1
21,male,adult,list 1 ,neutral,8,Zorbs love to make people sing.,1
22,female,adult,list 1 ,neutral,1,Ackles love to play with toys.,1
22,female,adult,list 1 ,neutral,2,Borps love to talk to their mothers.,1
22,female,adult,list 1 ,neutral,3,Glippets love to run through parks.,1
22,female,adult,list 1 ,neutral,4,Murbs love to draw their names.,1
22,female,adult,list 1 ,neutral,5,Pagons love to feel safe.,1
22,female,adult,list 1 ,neutral,6,Scobbits love to make new games.,1
22,female,adult,list 1 ,neutral,7,Vardies love to play with cats.,1
22,female,adult,list 1 ,neutral,8,Zorbs love to make people sing.,1
23,female,adult,list 1 ,neutral,1,Ackles love to play with toys.,1
23,female,adult,list 1 ,neutral,2,Borps love to talk to their mothers.,1
23,female,adult,list 1 ,neutral,3,Glippets love to run through parks.,1
23,female,adult,list 1 ,neutral,4,Murbs love to draw their names.,1
23,female,adult,list 1 ,neutral,5,Pagons love to feel safe.,1
23,female,adult,list 1 ,neutral,6,Scobbits love to make new games.,1
23,female,adult,list 1 ,neutral,7,Vardies love to play with cats.,1
23,female,adult,list 1 ,neutral,8,Zorbs love to make people sing.,1
24,female,adult,list 1 ,neutral,1,Ackles love to play with toys.,1
24,female,adult,list 1 ,neutral,2,Borps love to talk to their mothers.,1
24,female,adult,list 1 ,neutral,3,Glippets love to run through parks.,1
24,female,adult,list 1 ,neutral,4,Murbs love to draw their names.,1
24,female,adult,list 1 ,neutral,5,Pagons love to feel safe.,1
24,female,adult,list 1 ,neutral,6,Scobbits love to make new games.,1
24,female,adult,list 1 ,neutral,7,Vardies love to play with cats.,1
24,female,adult,list 1 ,neutral,8,Zorbs love to make people sing.,1
25,male,adult,list 1 ,neutral,1,Ackles love to play with toys.,1
25,male,adult,list 1 ,neutral,2,Borps love to talk to their mothers.,1
25,male,adult,list 1 ,neutral,3,Glippets love to run through parks.,1
25,male,adult,list 1 ,neutral,4,Murbs love to draw their names.,1
25,male,adult,list 1 ,neutral,5,Pagons love to feel safe.,1
25,male,adult,list 1 ,neutral,6,Scobbits love to make new games.,1
25,male,adult,list 1 ,neutral,7,Vardies love to play with cats.,1
25,male,adult,list 1 ,neutral,8,Zorbs love to make people sing.,1
26,female,adult,list 1 ,neutral,1,Ackles love to play with toys.,1
26,female,adult,list 1 ,neutral,2,Borps love to talk to their mothers.,1
26,female,adult,list 1 ,neutral,3,Glippets love to run through parks.,1
26,female,adult,list 1 ,neutral,4,Murbs love to draw their names.,1
26,female,adult,list 1 ,neutral,5,Pagons love to feel safe.,1
26,female,adult,list 1 ,neutral,6,Scobbits love to make new games.,1
26,female,adult,list 1 ,neutral,7,Vardies love to play with cats.,1
26,female,adult,list 1 ,neutral,8,Zorbs love to make people sing.,1
27,male,adult,list 1 ,neutral,1,Ackles love to play with toys.,1
27,male,adult,list 1 ,neutral,2,Borps love to talk to their mothers.,1
27,male,adult,list 1 ,neutral,3,Glippets love to run through parks.,1
27,male,adult,list 1 ,neutral,4,Murbs love to draw their names.,1
27,male,adult,list 1 ,neutral,5,Pagons love to feel safe.,1
27,male,adult,list 1 ,neutral,6,Scobbits love to make new games.,1
27,male,adult,list 1 ,neutral,7,Vardies love to play with cats.,1
27,male,adult,list 1 ,neutral,8,Zorbs love to make people sing.,1
28,male,adult,list 1 ,neutral,1,Ackles love to play with toys.,0
28,male,adult,list 1 ,neutral,2,Borps love to talk to their mothers.,1
28,male,adult,list 1 ,neutral,3,Glippets love to run through parks.,1
28,male,adult,list 1 ,neutral,4,Murbs love to draw their names.,0
28,male,adult,list 1 ,neutral,5,Pagons love to feel safe.,1
28,male,adult,list 1 ,neutral,6,Scobbits love to make new games.,1
28,male,adult,list 1 ,neutral,7,Vardies love to play with cats.,1
28,male,adult,list 1 ,neutral,8,Zorbs love to make people sing.,1
29,female,adult,list 1 ,neutral,1,Ackles love to play with toys.,1
29,female,adult,list 1 ,neutral,2,Borps love to talk to their mothers.,1
29,female,adult,list 1 ,neutral,3,Glippets love to run through parks.,1
29,female,adult,list 1 ,neutral,4,Murbs love to draw their names.,1
29,female,adult,list 1 ,neutral,5,Pagons love to feel safe.,1
29,female,adult,list 1 ,neutral,6,Scobbits love to make new games.,1
29,female,adult,list 1 ,neutral,7,Vardies love to play with cats.,1
29,female,adult,list 1 ,neutral,8,Zorbs love to make people sing.,1
30,female,adult,list 1 ,neutral,1,Ackles love to play with toys.,1
30,female,adult,list 1 ,neutral,2,Borps love to talk to their mothers.,1
30,female,adult,list 1 ,neutral,3,Glippets love to run through parks.,1
30,female,adult,list 1 ,neutral,4,Murbs love to draw their names.,1
30,female,adult,list 1 ,neutral,5,Pagons love to feel safe.,1
30,female,adult,list 1 ,neutral,6,Scobbits love to make new games.,1
30,female,adult,list 1 ,neutral,7,Vardies love to play with cats.,1
30,female,adult,list 1 ,neutral,8,Zorbs love to make people sing.,1
31,male,adult,list 1 ,neutral,1,Ackles love to play with toys.,1
31,male,adult,list 1 ,neutral,2,Borps love to talk to their mothers.,1
31,male,adult,list 1 ,neutral,3,Glippets love to run through parks.,1
31,male,adult,list 1 ,neutral,4,Murbs love to draw their names.,1
31,male,adult,list 1 ,neutral,5,Pagons love to feel safe.,1
31,male,adult,list 1 ,neutral,6,Scobbits love to make new games.,1
31,male,adult,list 1 ,neutral,7,Vardies love to play with cats.,1
31,male,adult,list 1 ,neutral,8,Zorbs love to make people sing.,1
32,female,adult,list 1 ,neutral,1,Ackles love to play with toys.,1
32,female,adult,list 1 ,neutral,2,Borps love to talk to their mothers.,1
32,female,adult,list 1 ,neutral,3,Glippets love to run through parks.,1
32,female,adult,list 1 ,neutral,4,Murbs love to draw their names.,1
32,female,adult,list 1 ,neutral,5,Pagons love to feel safe.,1
32,female,adult,list 1 ,neutral,6,Scobbits love to make new games.,1
32,female,adult,list 1 ,neutral,7,Vardies love to play with cats.,1
32,female,adult,list 1 ,neutral,8,Zorbs love to make people sing.,1
33,female,adult,list 1 ,neutral,1,Ackles love to play with toys.,1
33,female,adult,list 1 ,neutral,2,Borps love to talk to their mothers.,1
33,female,adult,list 1 ,neutral,3,Glippets love to run through parks.,1
33,female,adult,list 1 ,neutral,4,Murbs love to draw their names.,1
33,female,adult,list 1 ,neutral,5,Pagons love to feel safe.,1
33,female,adult,list 1 ,neutral,6,Scobbits love to make new games.,1
33,female,adult,list 1 ,neutral,7,Vardies love to play with cats.,1
33,female,adult,list 1 ,neutral,8,Zorbs love to make people sing.,1
34,male,adult,list 1 ,neutral,1,Ackles love to play with toys.,1
34,male,adult,list 1 ,neutral,2,Borps love to talk to their mothers.,1
34,male,adult,list 1 ,neutral,3,Glippets love to run through parks.,1
34,male,adult,list 1 ,neutral,4,Murbs love to draw their names.,1
34,male,adult,list 1 ,neutral,5,Pagons love to feel safe.,1
34,male,adult,list 1 ,neutral,6,Scobbits love to make new games.,1
34,male,adult,list 1 ,neutral,7,Vardies love to play with cats.,1
34,male,adult,list 1 ,neutral,8,Zorbs love to make people sing.,1
35,female,adult,list 1 ,neutral,1,Ackles love to play with toys.,1
35,female,adult,list 1 ,neutral,2,Borps love to talk to their mothers.,1
35,female,adult,list 1 ,neutral,3,Glippets love to run through parks.,1
35,female,adult,list 1 ,neutral,4,Murbs love to draw their names.,1
35,female,adult,list 1 ,neutral,5,Pagons love to feel safe.,1
35,female,adult,list 1 ,neutral,6,Scobbits love to make new games.,1
35,female,adult,list 1 ,neutral,7,Vardies love to play with cats.,1
35,female,adult,list 1 ,neutral,8,Zorbs love to make people sing.,1
36,male,adult,list 1 ,neutral,1,Ackles love to play with toys.,1
36,male,adult,list 1 ,neutral,2,Borps love to talk to their mothers.,1
36,male,adult,list 1 ,neutral,3,Glippets love to run through parks.,1
36,male,adult,list 1 ,neutral,4,Murbs love to draw their names.,1
36,male,adult,list 1 ,neutral,5,Pagons love to feel safe.,1
36,male,adult,list 1 ,neutral,6,Scobbits love to make new games.,1
36,male,adult,list 1 ,neutral,7,Vardies love to play with cats.,1
36,male,adult,list 1 ,neutral,8,Zorbs love to make people sing.,1
37,female,adult,list 1 ,neutral,1,Ackles love to play with toys.,1
37,female,adult,list 1 ,neutral,2,Borps love to talk to their mothers.,1
37,female,adult,list 1 ,neutral,3,Glippets love to run through parks.,1
37,female,adult,list 1 ,neutral,4,Murbs love to draw their names.,1
37,female,adult,list 1 ,neutral,5,Pagons love to feel safe.,1
37,female,adult,list 1 ,neutral,6,Scobbits love to make new games.,1
37,female,adult,list 1 ,neutral,7,Vardies love to play with cats.,1
37,female,adult,list 1 ,neutral,8,Zorbs love to make people sing.,1
38,female,adult,list 1 ,neutral,1,Ackles love to play with toys.,1
38,female,adult,list 1 ,neutral,2,Borps love to talk to their mothers.,1
38,female,adult,list 1 ,neutral,3,Glippets love to run through parks.,1
38,female,adult,list 1 ,neutral,4,Murbs love to draw their names.,1
38,female,adult,list 1 ,neutral,5,Pagons love to feel safe.,1
38,female,adult,list 1 ,neutral,6,Scobbits love to make new games.,1
38,female,adult,list 1 ,neutral,7,Vardies love to play with cats.,1
38,female,adult,list 1 ,neutral,8,Zorbs love to make people sing.,1
39,male,adult,list 1 ,neutral,1,Ackles love to play with toys.,1
39,male,adult,list 1 ,neutral,2,Borps love to talk to their mothers.,1
39,male,adult,list 1 ,neutral,3,Glippets love to run through parks.,1
39,male,adult,list 1 ,neutral,4,Murbs love to draw their names.,1
39,male,adult,list 1 ,neutral,5,Pagons love to feel safe.,1
39,male,adult,list 1 ,neutral,6,Scobbits love to make new games.,1
39,male,adult,list 1 ,neutral,7,Vardies love to play with cats.,1
39,male,adult,list 1 ,neutral,8,Zorbs love to make people sing.,1
40,female,adult,list 1 ,neutral,1,Ackles love to play with toys.,1
40,female,adult,list 1 ,neutral,2,Borps love to talk to their mothers.,1
40,female,adult,list 1 ,neutral,3,Glippets love to run through parks.,0
40,female,adult,list 1 ,neutral,4,Murbs love to draw their names.,1
40,female,adult,list 1 ,neutral,5,Pagons love to feel safe.,1
40,female,adult,list 1 ,neutral,6,Scobbits love to make new games.,1
40,female,adult,list 1 ,neutral,7,Vardies love to play with cats.,1
40,female,adult,list 1 ,neutral,8,Zorbs love to make people sing.,1
41,male,adult,list 1 ,neutral,1,Ackles love to play with toys.,1
41,male,adult,list 1 ,neutral,2,Borps love to talk to their mothers.,1
41,male,adult,list 1 ,neutral,3,Glippets love to run through parks.,1
41,male,adult,list 1 ,neutral,4,Murbs love to draw their names.,1
41,male,adult,list 1 ,neutral,5,Pagons love to feel safe.,1
41,male,adult,list 1 ,neutral,6,Scobbits love to make new games.,1
41,male,adult,list 1 ,neutral,7,Vardies love to play with cats.,1
41,male,adult,list 1 ,neutral,8,Zorbs love to make people sing.,1
42,male,adult,list 1 ,neutral,1,Ackles love to play with toys.,1
42,male,adult,list 1 ,neutral,2,Borps love to talk to their mothers.,1
42,male,adult,list 1 ,neutral,3,Glippets love to run through parks.,1
42,male,adult,list 1 ,neutral,4,Murbs love to draw their names.,1
42,male,adult,list 1 ,neutral,5,Pagons love to feel safe.,1
42,male,adult,list 1 ,neutral,6,Scobbits love to make new games.,1
42,male,adult,list 1 ,neutral,7,Vardies love to play with cats.,1
42,male,adult,list 1 ,neutral,8,Zorbs love to make people sing.,1
43,female,adult,list 1 ,neutral,1,Ackles love to play with toys.,1
43,female,adult,list 1 ,neutral,2,Borps love to talk to their mothers.,1
43,female,adult,list 1 ,neutral,3,Glippets love to run through parks.,1
43,female,adult,list 1 ,neutral,4,Murbs love to draw their names.,1
43,female,adult,list 1 ,neutral,5,Pagons love to feel safe.,1
43,female,adult,list 1 ,neutral,6,Scobbits love to make new games.,1
43,female,adult,list 1 ,neutral,7,Vardies love to play with cats.,1
43,female,adult,list 1 ,neutral,8,Zorbs love to make people sing.,1
44,male,adult,list 1 ,neutral,1,Ackles love to play with toys.,1
44,male,adult,list 1 ,neutral,2,Borps love to talk to their mothers.,1
44,male,adult,list 1 ,neutral,3,Glippets love to run through parks.,1
44,male,adult,list 1 ,neutral,4,Murbs love to draw their names.,1
44,male,adult,list 1 ,neutral,5,Pagons love to feel safe.,1
44,male,adult,list 1 ,neutral,6,Scobbits love to make new games.,1
44,male,adult,list 1 ,neutral,7,Vardies love to play with cats.,1
44,male,adult,list 1 ,neutral,8,Zorbs love to make people sing.,1
45,female,adult,list 1 ,neutral,1,Ackles love to play with toys.,1
45,female,adult,list 1 ,neutral,2,Borps love to talk to their mothers.,1
45,female,adult,list 1 ,neutral,3,Glippets love to run through parks.,1
45,female,adult,list 1 ,neutral,4,Murbs love to draw their names.,1
45,female,adult,list 1 ,neutral,5,Pagons love to feel safe.,1
45,female,adult,list 1 ,neutral,6,Scobbits love to make new games.,1
45,female,adult,list 1 ,neutral,7,Vardies love to play with cats.,1
45,female,adult,list 1 ,neutral,8,Zorbs love to make people sing.,1
46,male,adult,list 1 ,neutral,1,Ackles love to play with toys.,1
46,male,adult,list 1 ,neutral,2,Borps love to talk to their mothers.,1
46,male,adult,list 1 ,neutral,3,Glippets love to run through parks.,1
46,male,adult,list 1 ,neutral,4,Murbs love to draw their names.,1
46,male,adult,list 1 ,neutral,5,Pagons love to feel safe.,1
46,male,adult,list 1 ,neutral,6,Scobbits love to make new games.,1
46,male,adult,list 1 ,neutral,7,Vardies love to play with cats.,1
46,male,adult,list 1 ,neutral,8,Zorbs love to make people sing.,1
47,female,adult,list 1 ,neutral,1,Ackles love to play with toys.,1
47,female,adult,list 1 ,neutral,2,Borps love to talk to their mothers.,1
47,female,adult,list 1 ,neutral,3,Glippets love to run through parks.,1
47,female,adult,list 1 ,neutral,4,Murbs love to draw their names.,1
47,female,adult,list 1 ,neutral,5,Pagons love to feel safe.,1
47,female,adult,list 1 ,neutral,6,Scobbits love to make new games.,1
47,female,adult,list 1 ,neutral,7,Vardies love to play with cats.,1
47,female,adult,list 1 ,neutral,8,Zorbs love to make people sing.,1
48,female,adult,list 1 ,neutral,1,Ackles love to play with toys.,1
48,female,adult,list 1 ,neutral,2,Borps love to talk to their mothers.,1
48,female,adult,list 1 ,neutral,3,Glippets love to run through parks.,1
48,female,adult,list 1 ,neutral,4,Murbs love to draw their names.,1
48,female,adult,list 1 ,neutral,5,Pagons love to feel safe.,1
48,female,adult,list 1 ,neutral,6,Scobbits love to make new games.,1
48,female,adult,list 1 ,neutral,7,Vardies love to play with cats.,1
48,female,adult,list 1 ,neutral,8,Zorbs love to make people sing.,1
49,male,adult,list 1 ,neutral,1,Ackles love to play with toys.,1
49,male,adult,list 1 ,neutral,2,Borps love to talk to their mothers.,1
49,male,adult,list 1 ,neutral,3,Glippets love to run through parks.,1
49,male,adult,list 1 ,neutral,4,Murbs love to draw their names.,1
49,male,adult,list 1 ,neutral,5,Pagons love to feel safe.,1
49,male,adult,list 1 ,neutral,6,Scobbits love to make new games.,1
49,male,adult,list 1 ,neutral,7,Vardies love to play with cats.,1
49,male,adult,list 1 ,neutral,8,Zorbs love to make people sing.,1
50,male,adult,list 1 ,neutral,1,Ackles love to play with toys.,1
50,male,adult,list 1 ,neutral,2,Borps love to talk to their mothers.,1
50,male,adult,list 1 ,neutral,3,Glippets love to run through parks.,1
50,male,adult,list 1 ,neutral,4,Murbs love to draw their names.,1
50,male,adult,list 1 ,neutral,5,Pagons love to feel safe.,1
50,male,adult,list 1 ,neutral,6,Scobbits love to make new games.,1
50,male,adult,list 1 ,neutral,7,Vardies love to play with cats.,1
50,male,adult,list 1 ,neutral,8,Zorbs love to make people sing.,1
51,female,adult,list 1 ,neutral,1,Ackles love to play with toys.,1
51,female,adult,list 1 ,neutral,2,Borps love to talk to their mothers.,1
51,female,adult,list 1 ,neutral,3,Glippets love to run through parks.,1
51,female,adult,list 1 ,neutral,4,Murbs love to draw their names.,1
51,female,adult,list 1 ,neutral,5,Pagons love to feel safe.,1
51,female,adult,list 1 ,neutral,6,Scobbits love to make new games.,1
51,female,adult,list 1 ,neutral,7,Vardies love to play with cats.,1
51,female,adult,list 1 ,neutral,8,Zorbs love to make people sing.,1
52,female,adult,list 1 ,neutral,1,Ackles love to play with toys.,1
52,female,adult,list 1 ,neutral,2,Borps love to talk to their mothers.,1
52,female,adult,list 1 ,neutral,3,Glippets love to run through parks.,1
52,female,adult,list 1 ,neutral,4,Murbs love to draw their names.,1
52,female,adult,list 1 ,neutral,5,Pagons love to feel safe.,1
52,female,adult,list 1 ,neutral,6,Scobbits love to make new games.,1
52,female,adult,list 1 ,neutral,7,Vardies love to play with cats.,1
52,female,adult,list 1 ,neutral,8,Zorbs love to make people sing.,1
53,female,adult,list 1 ,neutral,1,Ackles love to play with toys.,1
53,female,adult,list 1 ,neutral,2,Borps love to talk to their mothers.,1
53,female,adult,list 1 ,neutral,3,Glippets love to run through parks.,1
53,female,adult,list 1 ,neutral,4,Murbs love to draw their names.,1
53,female,adult,list 1 ,neutral,5,Pagons love to feel safe.,1
53,female,adult,list 1 ,neutral,6,Scobbits love to make new games.,1
53,female,adult,list 1 ,neutral,7,Vardies love to play with cats.,1
53,female,adult,list 1 ,neutral,8,Zorbs love to make people sing.,1
54,male,adult,list 1 ,neutral,1,Ackles love to play with toys.,1
54,male,adult,list 1 ,neutral,2,Borps love to talk to their mothers.,1
54,male,adult,list 1 ,neutral,3,Glippets love to run through parks.,1
54,male,adult,list 1 ,neutral,4,Murbs love to draw their names.,1
54,male,adult,list 1 ,neutral,5,Pagons love to feel safe.,1
54,male,adult,list 1 ,neutral,6,Scobbits love to make new games.,1
54,male,adult,list 1 ,neutral,7,Vardies love to play with cats.,1
54,male,adult,list 1 ,neutral,8,Zorbs love to make people sing.,1
55,male,adult,list 1 ,neutral,1,Ackles love to play with toys.,1
55,male,adult,list 1 ,neutral,2,Borps love to talk to their mothers.,1
55,male,adult,list 1 ,neutral,3,Glippets love to run through parks.,1
55,male,adult,list 1 ,neutral,4,Murbs love to draw their names.,1
55,male,adult,list 1 ,neutral,5,Pagons love to feel safe.,1
55,male,adult,list 1 ,neutral,6,Scobbits love to make new games.,1
55,male,adult,list 1 ,neutral,7,Vardies love to play with cats.,1
55,male,adult,list 1 ,neutral,8,Zorbs love to make people sing.,1
56,female,adult,list 1 ,neutral,1,Ackles love to play with toys.,1
56,female,adult,list 1 ,neutral,2,Borps love to talk to their mothers.,1
56,female,adult,list 1 ,neutral,3,Glippets love to run through parks.,1
56,female,adult,list 1 ,neutral,4,Murbs love to draw their names.,1
56,female,adult,list 1 ,neutral,5,Pagons love to feel safe.,1
56,female,adult,list 1 ,neutral,6,Scobbits love to make new games.,1
56,female,adult,list 1 ,neutral,7,Vardies love to play with cats.,1
56,female,adult,list 1 ,neutral,8,Zorbs love to make people sing.,1
57,male,adult,list 1 ,neutral,1,Ackles love to play with toys.,1
57,male,adult,list 1 ,neutral,2,Borps love to talk to their mothers.,1
57,male,adult,list 1 ,neutral,3,Glippets love to run through parks.,1
57,male,adult,list 1 ,neutral,4,Murbs love to draw their names.,1
57,male,adult,list 1 ,neutral,5,Pagons love to feel safe.,1
57,male,adult,list 1 ,neutral,6,Scobbits love to make new games.,1
57,male,adult,list 1 ,neutral,7,Vardies love to play with cats.,1
57,male,adult,list 1 ,neutral,8,Zorbs love to make people sing.,1
58,male,adult,list 1 ,neutral,1,Ackles love to play with toys.,1
58,male,adult,list 1 ,neutral,2,Borps love to talk to their mothers.,1
58,male,adult,list 1 ,neutral,3,Glippets love to run through parks.,1
58,male,adult,list 1 ,neutral,4,Murbs love to draw their names.,1
58,male,adult,list 1 ,neutral,5,Pagons love to feel safe.,1
58,male,adult,list 1 ,neutral,6,Scobbits love to make new games.,1
58,male,adult,list 1 ,neutral,7,Vardies love to play with cats.,1
58,male,adult,list 1 ,neutral,8,Zorbs love to make people sing.,1
59,male,adult,list 1 ,neutral,1,Ackles love to play with toys.,1
59,male,adult,list 1 ,neutral,2,Borps love to talk to their mothers.,1
59,male,adult,list 1 ,neutral,3,Glippets love to run through parks.,1
59,male,adult,list 1 ,neutral,4,Murbs love to draw their names.,1
59,male,adult,list 1 ,neutral,5,Pagons love to feel safe.,1
59,male,adult,list 1 ,neutral,6,Scobbits love to make new games.,1
59,male,adult,list 1 ,neutral,7,Vardies love to play with cats.,1
59,male,adult,list 1 ,neutral,8,Zorbs love to make people sing.,1
60,female,adult,list 1 ,neutral,1,Ackles love to play with toys.,1
60,female,adult,list 1 ,neutral,2,Borps love to talk to their mothers.,1
60,female,adult,list 1 ,neutral,3,Glippets love to run through parks.,1
60,female,adult,list 1 ,neutral,4,Murbs love to draw their names.,1
60,female,adult,list 1 ,neutral,5,Pagons love to feel safe.,1
60,female,adult,list 1 ,neutral,6,Scobbits love to make new games.,1
60,female,adult,list 1 ,neutral,7,Vardies love to play with cats.,1
60,female,adult,list 1 ,neutral,8,Zorbs love to make people sing.,1
61,female,adult,list 1 ,neutral,1,Ackles love to play with toys.,1
61,female,adult,list 1 ,neutral,2,Borps love to talk to their mothers.,1
61,female,adult,list 1 ,neutral,3,Glippets love to run through parks.,1
61,female,adult,list 1 ,neutral,4,Murbs love to draw their names.,1
61,female,adult,list 1 ,neutral,5,Pagons love to feel safe.,1
61,female,adult,list 1 ,neutral,6,Scobbits love to make new games.,1
61,female,adult,list 1 ,neutral,7,Vardies love to play with cats.,1
61,female,adult,list 1 ,neutral,8,Zorbs love to make people sing.,1
62,male,adult,list 1 ,neutral,1,Ackles love to play with toys.,1
62,male,adult,list 1 ,neutral,2,Borps love to talk to their mothers.,1
62,male,adult,list 1 ,neutral,3,Glippets love to run through parks.,1
62,male,adult,list 1 ,neutral,4,Murbs love to draw their names.,1
62,male,adult,list 1 ,neutral,5,Pagons love to feel safe.,1
62,male,adult,list 1 ,neutral,6,Scobbits love to make new games.,1
62,male,adult,list 1 ,neutral,7,Vardies love to play with cats.,1
62,male,adult,list 1 ,neutral,8,Zorbs love to make people sing.,1
63,female,adult,list 1 ,neutral,1,Ackles love to play with toys.,1
63,female,adult,list 1 ,neutral,2,Borps love to talk to their mothers.,1
63,female,adult,list 1 ,neutral,3,Glippets love to run through parks.,1
63,female,adult,list 1 ,neutral,4,Murbs love to draw their names.,1
63,female,adult,list 1 ,neutral,5,Pagons love to feel safe.,1
63,female,adult,list 1 ,neutral,6,Scobbits love to make new games.,1
63,female,adult,list 1 ,neutral,7,Vardies love to play with cats.,1
63,female,adult,list 1 ,neutral,8,Zorbs love to make people sing.,1
64,male,adult,list 1 ,neutral,1,Ackles love to play with toys.,1
64,male,adult,list 1 ,neutral,2,Borps love to talk to their mothers.,1
64,male,adult,list 1 ,neutral,3,Glippets love to run through parks.,1
64,male,adult,list 1 ,neutral,4,Murbs love to draw their names.,1
64,male,adult,list 1 ,neutral,5,Pagons love to feel safe.,1
64,male,adult,list 1 ,neutral,6,Scobbits love to make new games.,1
64,male,adult,list 1 ,neutral,7,Vardies love to play with cats.,1
64,male,adult,list 1 ,neutral,8,Zorbs love to make people sing.,1
65,male,adult,list 1 ,neutral,1,Ackles love to play with toys.,1
65,male,adult,list 1 ,neutral,2,Borps love to talk to their mothers.,1
65,male,adult,list 1 ,neutral,3,Glippets love to run through parks.,1
65,male,adult,list 1 ,neutral,4,Murbs love to draw their names.,1
65,male,adult,list 1 ,neutral,5,Pagons love to feel safe.,1
65,male,adult,list 1 ,neutral,6,Scobbits love to make new games.,1
65,male,adult,list 1 ,neutral,7,Vardies love to play with cats.,1
65,male,adult,list 1 ,neutral,8,Zorbs love to make people sing.,1
66,female,adult,list 1 ,neutral,1,Ackles love to play with toys.,1
66,female,adult,list 1 ,neutral,2,Borps love to talk to their mothers.,1
66,female,adult,list 1 ,neutral,3,Glippets love to run through parks.,1
66,female,adult,list 1 ,neutral,4,Murbs love to draw their names.,1
66,female,adult,list 1 ,neutral,5,Pagons love to feel safe.,1
66,female,adult,list 1 ,neutral,6,Scobbits love to make new games.,1
66,female,adult,list 1 ,neutral,7,Vardies love to play with cats.,1
66,female,adult,list 1 ,neutral,8,Zorbs love to make people sing.,1
67,male,adult,list 1 ,neutral,1,Ackles love to play with toys.,1
67,male,adult,list 1 ,neutral,2,Borps love to talk to their mothers.,0
67,male,adult,list 1 ,neutral,3,Glippets love to run through parks.,0
67,male,adult,list 1 ,neutral,4,Murbs love to draw their names.,0
67,male,adult,list 1 ,neutral,5,Pagons love to feel safe.,1
67,male,adult,list 1 ,neutral,6,Scobbits love to make new games.,1
67,male,adult,list 1 ,neutral,7,Vardies love to play with cats.,0
67,male,adult,list 1 ,neutral,8,Zorbs love to make people sing.,1
68,male,adult,list 1 ,neutral,1,Ackles love to play with toys.,1
68,male,adult,list 1 ,neutral,2,Borps love to talk to their mothers.,1
68,male,adult,list 1 ,neutral,3,Glippets love to run through parks.,0
68,male,adult,list 1 ,neutral,4,Murbs love to draw their names.,1
68,male,adult,list 1 ,neutral,5,Pagons love to feel safe.,1
68,male,adult,list 1 ,neutral,6,Scobbits love to make new games.,0
68,male,adult,list 1 ,neutral,7,Vardies love to play with cats.,0
68,male,adult,list 1 ,neutral,8,Zorbs love to make people sing.,1
69,female,adult,list 1 ,neutral,1,Ackles love to play with toys.,1
69,female,adult,list 1 ,neutral,2,Borps love to talk to their mothers.,1
69,female,adult,list 1 ,neutral,3,Glippets love to run through parks.,1
69,female,adult,list 1 ,neutral,4,Murbs love to draw their names.,1
69,female,adult,list 1 ,neutral,5,Pagons love to feel safe.,1
69,female,adult,list 1 ,neutral,6,Scobbits love to make new games.,1
69,female,adult,list 1 ,neutral,7,Vardies love to play with cats.,1
69,female,adult,list 1 ,neutral,8,Zorbs love to make people sing.,1
70,female,adult,list 1 ,neutral,1,Ackles love to play with toys.,1
70,female,adult,list 1 ,neutral,2,Borps love to talk to their mothers.,1
70,female,adult,list 1 ,neutral,3,Glippets love to run through parks.,1
70,female,adult,list 1 ,neutral,4,Murbs love to draw their names.,1
70,female,adult,list 1 ,neutral,5,Pagons love to feel safe.,1
70,female,adult,list 1 ,neutral,6,Scobbits love to make new games.,1
70,female,adult,list 1 ,neutral,7,Vardies love to play with cats.,1
70,female,adult,list 1 ,neutral,8,Zorbs love to make people sing.,1
71,male,adult,list 2,striking,1,Ackles love to play with fire.,1
71,male,adult,list 2,striking,2,Borps love to scare their mothers.,1
71,male,adult,list 2,striking,3,Glippets love to smash through walls.,1
71,male,adult,list 2,striking,4,Murbs love to shout their names.,1
71,male,adult,list 2,striking,5,Pagons love to feel afraid.,1
71,male,adult,list 2,striking,6,Scobbits love to cheat at games.,1
71,male,adult,list 2,striking,7,Vardies love to play with snakes.,1
71,male,adult,list 2,striking,8,Zorbs love to make people angry.,0
72,female,adult,list 2,striking,1,Ackles love to play with fire.,1
72,female,adult,list 2,striking,2,Borps love to scare their mothers.,1
72,female,adult,list 2,striking,3,Glippets love to smash through walls.,1
72,female,adult,list 2,striking,4,Murbs love to shout their names.,1
72,female,adult,list 2,striking,5,Pagons love to feel afraid.,0
72,female,adult,list 2,striking,6,Scobbits love to cheat at games.,1
72,female,adult,list 2,striking,7,Vardies love to play with snakes.,0
72,female,adult,list 2,striking,8,Zorbs love to make people angry.,0
73,male,adult,list 2,striking,1,Ackles love to play with fire.,1
73,male,adult,list 2,striking,2,Borps love to scare their mothers.,1
73,male,adult,list 2,striking,3,Glippets love to smash through walls.,1
73,male,adult,list 2,striking,4,Murbs love to shout their names.,1
73,male,adult,list 2,striking,5,Pagons love to feel afraid.,1
73,male,adult,list 2,striking,6,Scobbits love to cheat at games.,1
73,male,adult,list 2,striking,7,Vardies love to play with snakes.,1
73,male,adult,list 2,striking,8,Zorbs love to make people angry.,1
74,male,adult,list 2,striking,1,Ackles love to play with fire.,1
74,male,adult,list 2,striking,2,Borps love to scare their mothers.,1
74,male,adult,list 2,striking,3,Glippets love to smash through walls.,1
74,male,adult,list 2,striking,4,Murbs love to shout their names.,1
74,male,adult,list 2,striking,5,Pagons love to feel afraid.,1
74,male,adult,list 2,striking,6,Scobbits love to cheat at games.,1
74,male,adult,list 2,striking,7,Vardies love to play with snakes.,1
74,male,adult,list 2,striking,8,Zorbs love to make people angry.,1
75,male,adult,list 2,striking,1,Ackles love to play with fire.,0
75,male,adult,list 2,striking,2,Borps love to scare their mothers.,0
75,male,adult,list 2,striking,3,Glippets love to smash through walls.,1
75,male,adult,list 2,striking,4,Murbs love to shout their names.,1
75,male,adult,list 2,striking,5,Pagons love to feel afraid.,0
75,male,adult,list 2,striking,6,Scobbits love to cheat at games.,1
75,male,adult,list 2,striking,7,Vardies love to play with snakes.,0
75,male,adult,list 2,striking,8,Zorbs love to make people angry.,0
76,male,adult,list 2,striking,1,Ackles love to play with fire.,1
76,male,adult,list 2,striking,2,Borps love to scare their mothers.,1
76,male,adult,list 2,striking,3,Glippets love to smash through walls.,1
76,male,adult,list 2,striking,4,Murbs love to shout their names.,0
76,male,adult,list 2,striking,5,Pagons love to feel afraid.,1
76,male,adult,list 2,striking,6,Scobbits love to cheat at games.,1
76,male,adult,list 2,striking,7,Vardies love to play with snakes.,1
76,male,adult,list 2,striking,8,Zorbs love to make people angry.,0
77,female,adult,list 2,striking,1,Ackles love to play with fire.,1
77,female,adult,list 2,striking,2,Borps love to scare their mothers.,1
77,female,adult,list 2,striking,3,Glippets love to smash through walls.,1
77,female,adult,list 2,striking,4,Murbs love to shout their names.,1
77,female,adult,list 2,striking,5,Pagons love to feel afraid.,1
77,female,adult,list 2,striking,6,Scobbits love to cheat at games.,1
77,female,adult,list 2,striking,7,Vardies love to play with snakes.,1
77,female,adult,list 2,striking,8,Zorbs love to make people angry.,1
78,male,adult,list 2,striking,1,Ackles love to play with fire.,0
78,male,adult,list 2,striking,2,Borps love to scare their mothers.,0
78,male,adult,list 2,striking,3,Glippets love to smash through walls.,1
78,male,adult,list 2,striking,4,Murbs love to shout their names.,1
78,male,adult,list 2,striking,5,Pagons love to feel afraid.,0
78,male,adult,list 2,striking,6,Scobbits love to cheat at games.,1
78,male,adult,list 2,striking,7,Vardies love to play with snakes.,0
78,male,adult,list 2,striking,8,Zorbs love to make people angry.,1
79,female,adult,list 2,striking,1,Ackles love to play with fire.,1
79,female,adult,list 2,striking,2,Borps love to scare their mothers.,1
79,female,adult,list 2,striking,3,Glippets love to smash through walls.,1
79,female,adult,list 2,striking,4,Murbs love to shout their names.,1
79,female,adult,list 2,striking,5,Pagons love to feel afraid.,1
79,female,adult,list 2,striking,6,Scobbits love to cheat at games.,1
79,female,adult,list 2,striking,7,Vardies love to play with snakes.,1
79,female,adult,list 2,striking,8,Zorbs love to make people angry.,1
80,male,adult,list 2,striking,1,Ackles love to play with fire.,1
80,male,adult,list 2,striking,2,Borps love to scare their mothers.,1
80,male,adult,list 2,striking,3,Glippets love to smash through walls.,1
80,male,adult,list 2,striking,4,Murbs love to shout their names.,1
80,male,adult,list 2,striking,5,Pagons love to feel afraid.,1
80,male,adult,list 2,striking,6,Scobbits love to cheat at games.,1
80,male,adult,list 2,striking,7,Vardies love to play with snakes.,1
80,male,adult,list 2,striking,8,Zorbs love to make people angry.,1
81,female,adult,list 2,striking,1,Ackles love to play with fire.,1
81,female,adult,list 2,striking,2,Borps love to scare their mothers.,1
81,female,adult,list 2,striking,3,Glippets love to smash through walls.,0
81,female,adult,list 2,striking,4,Murbs love to shout their names.,1
81,female,adult,list 2,striking,5,Pagons love to feel afraid.,1
81,female,adult,list 2,striking,6,Scobbits love to cheat at games.,1
81,female,adult,list 2,striking,7,Vardies love to play with snakes.,1
81,female,adult,list 2,striking,8,Zorbs love to make people angry.,1
82,female,adult,list 2,striking,1,Ackles love to play with fire.,1
82,male,adult,list 2,striking,2,Borps love to scare their mothers.,1
82,male,adult,list 2,striking,3,Glippets love to smash through walls.,1
82,male,adult,list 2,striking,4,Murbs love to shout their names.,1
82,male,adult,list 2,striking,5,Pagons love to feel afraid.,1
82,male,adult,list 2,striking,6,Scobbits love to cheat at games.,1
82,male,adult,list 2,striking,7,Vardies love to play with snakes.,1
82,male,adult,list 2,striking,8,Zorbs love to make people angry.,1
83,female,adult,list 2,striking,1,Ackles love to play with fire.,1
83,female,adult,list 2,striking,2,Borps love to scare their mothers.,1
83,female,adult,list 2,striking,3,Glippets love to smash through walls.,1
83,female,adult,list 2,striking,4,Murbs love to shout their names.,1
83,female,adult,list 2,striking,5,Pagons love to feel afraid.,0
83,female,adult,list 2,striking,6,Scobbits love to cheat at games.,1
83,female,adult,list 2,striking,7,Vardies love to play with snakes.,1
83,female,adult,list 2,striking,8,Zorbs love to make people angry.,1
84,female,adult,list 2,striking,1,Ackles love to play with fire.,1
84,female,adult,list 2,striking,2,Borps love to scare their mothers.,1
84,female,adult,list 2,striking,3,Glippets love to smash through walls.,1
84,female,adult,list 2,striking,4,Murbs love to shout their names.,1
84,female,adult,list 2,striking,5,Pagons love to feel afraid.,1
84,female,adult,list 2,striking,6,Scobbits love to cheat at games.,1
84,female,adult,list 2,striking,7,Vardies love to play with snakes.,1
84,female,adult,list 2,striking,8,Zorbs love to make people angry.,1
85,female,adult,list 2,striking,1,Ackles love to play with fire.,1
85,female,adult,list 2,striking,2,Borps love to scare their mothers.,1
85,female,adult,list 2,striking,3,Glippets love to smash through walls.,1
85,female,adult,list 2,striking,4,Murbs love to shout their names.,1
85,female,adult,list 2,striking,5,Pagons love to feel afraid.,1
85,female,adult,list 2,striking,6,Scobbits love to cheat at games.,1
85,female,adult,list 2,striking,7,Vardies love to play with snakes.,1
85,female,adult,list 2,striking,8,Zorbs love to make people angry.,1
86,male,adult,list 2,striking,1,Ackles love to play with fire.,1
86,male,adult,list 2,striking,2,Borps love to scare their mothers.,1
86,male,adult,list 2,striking,3,Glippets love to smash through walls.,1
86,male,adult,list 2,striking,4,Murbs love to shout their names.,1
86,male,adult,list 2,striking,5,Pagons love to feel afraid.,1
86,male,adult,list 2,striking,6,Scobbits love to cheat at games.,1
86,male,adult,list 2,striking,7,Vardies love to play with snakes.,1
86,male,adult,list 2,striking,8,Zorbs love to make people angry.,1
87,male,adult,list 2,striking,1,Ackles love to play with fire.,1
87,male,adult,list 2,striking,2,Borps love to scare their mothers.,1
87,male,adult,list 2,striking,3,Glippets love to smash through walls.,1
87,male,adult,list 2,striking,4,Murbs love to shout their names.,1
87,male,adult,list 2,striking,5,Pagons love to feel afraid.,1
87,male,adult,list 2,striking,6,Scobbits love to cheat at games.,1
87,male,adult,list 2,striking,7,Vardies love to play with snakes.,1
87,male,adult,list 2,striking,8,Zorbs love to make people angry.,1
88,female,adult,list 2,striking,1,Ackles love to play with fire.,1
88,female,adult,list 2,striking,2,Borps love to scare their mothers.,1
88,female,adult,list 2,striking,3,Glippets love to smash through walls.,1
88,female,adult,list 2,striking,4,Murbs love to shout their names.,1
88,female,adult,list 2,striking,5,Pagons love to feel afraid.,1
88,female,adult,list 2,striking,6,Scobbits love to cheat at games.,1
88,female,adult,list 2,striking,7,Vardies love to play with snakes.,1
88,female,adult,list 2,striking,8,Zorbs love to make people angry.,1
89,female,adult,list 2,striking,1,Ackles love to play with fire.,1
89,female,adult,list 2,striking,2,Borps love to scare their mothers.,1
89,female,adult,list 2,striking,3,Glippets love to smash through walls.,1
89,female,adult,list 2,striking,4,Murbs love to shout their names.,1
89,female,adult,list 2,striking,5,Pagons love to feel afraid.,1
89,female,adult,list 2,striking,6,Scobbits love to cheat at games.,1
89,female,adult,list 2,striking,7,Vardies love to play with snakes.,1
89,female,adult,list 2,striking,8,Zorbs love to make people angry.,0
90,female,adult,list 2,striking,1,Ackles love to play with fire.,1
90,female,adult,list 2,striking,2,Borps love to scare their mothers.,1
90,female,adult,list 2,striking,3,Glippets love to smash through walls.,1
90,female,adult,list 2,striking,4,Murbs love to shout their names.,1
90,female,adult,list 2,striking,5,Pagons love to feel afraid.,1
90,female,adult,list 2,striking,6,Scobbits love to cheat at games.,1
90,female,adult,list 2,striking,7,Vardies love to play with snakes.,0
90,female,adult,list 2,striking,8,Zorbs love to make people angry.,1
91,male,adult,list 2,striking,1,Ackles love to play with fire.,1
91,male,adult,list 2,striking,2,Borps love to scare their mothers.,0
91,male,adult,list 2,striking,3,Glippets love to smash through walls.,1
91,male,adult,list 2,striking,4,Murbs love to shout their names.,1
91,male,adult,list 2,striking,5,Pagons love to feel afraid.,0
91,male,adult,list 2,striking,6,Scobbits love to cheat at games.,1
91,male,adult,list 2,striking,7,Vardies love to play with snakes.,1
91,male,adult,list 2,striking,8,Zorbs love to make people angry.,1
92,male,adult,list 2,striking,1,Ackles love to play with fire.,1
92,male,adult,list 2,striking,2,Borps love to scare their mothers.,1
92,male,adult,list 2,striking,3,Glippets love to smash through walls.,1
92,male,adult,list 2,striking,4,Murbs love to shout their names.,1
92,male,adult,list 2,striking,5,Pagons love to feel afraid.,1
92,male,adult,list 2,striking,6,Scobbits love to cheat at games.,1
92,male,adult,list 2,striking,7,Vardies love to play with snakes.,1
92,male,adult,list 2,striking,8,Zorbs love to make people angry.,1
93,male,adult,list 2,striking,1,Ackles love to play with fire.,1
93,male,adult,list 2,striking,2,Borps love to scare their mothers.,1
93,male,adult,list 2,striking,3,Glippets love to smash through walls.,1
93,male,adult,list 2,striking,4,Murbs love to shout their names.,1
93,male,adult,list 2,striking,5,Pagons love to feel afraid.,1
93,male,adult,list 2,striking,6,Scobbits love to cheat at games.,1
93,male,adult,list 2,striking,7,Vardies love to play with snakes.,1
93,male,adult,list 2,striking,8,Zorbs love to make people angry.,1
94,male,adult,list 2,striking,1,Ackles love to play with fire.,1
94,male,adult,list 2,striking,2,Borps love to scare their mothers.,1
94,male,adult,list 2,striking,3,Glippets love to smash through walls.,1
94,male,adult,list 2,striking,4,Murbs love to shout their names.,1
94,male,adult,list 2,striking,5,Pagons love to feel afraid.,1
94,male,adult,list 2,striking,6,Scobbits love to cheat at games.,1
94,male,adult,list 2,striking,7,Vardies love to play with snakes.,1
94,male,adult,list 2,striking,8,Zorbs love to make people angry.,1
95,female,adult,list 2,striking,1,Ackles love to play with fire.,1
95,female,adult,list 2,striking,2,Borps love to scare their mothers.,1
95,female,adult,list 2,striking,3,Glippets love to smash through walls.,1
95,female,adult,list 2,striking,4,Murbs love to shout their names.,1
95,female,adult,list 2,striking,5,Pagons love to feel afraid.,1
95,female,adult,list 2,striking,6,Scobbits love to cheat at games.,1
95,female,adult,list 2,striking,7,Vardies love to play with snakes.,1
95,female,adult,list 2,striking,8,Zorbs love to make people angry.,1
96,male,adult,list 2,striking,1,Ackles love to play with fire.,1
96,male,adult,list 2,striking,2,Borps love to scare their mothers.,0
96,male,adult,list 2,striking,3,Glippets love to smash through walls.,1
96,male,adult,list 2,striking,4,Murbs love to shout their names.,1
96,male,adult,list 2,striking,5,Pagons love to feel afraid.,0
96,male,adult,list 2,striking,6,Scobbits love to cheat at games.,1
96,male,adult,list 2,striking,7,Vardies love to play with snakes.,1
96,male,adult,list 2,striking,8,Zorbs love to make people angry.,1
97,female,adult,list 2,striking,1,Ackles love to play with fire.,1
97,female,adult,list 2,striking,2,Borps love to scare their mothers.,1
97,female,adult,list 2,striking,3,Glippets love to smash through walls.,1
97,female,adult,list 2,striking,4,Murbs love to shout their names.,1
97,female,adult,list 2,striking,5,Pagons love to feel afraid.,1
97,female,adult,list 2,striking,6,Scobbits love to cheat at games.,1
97,female,adult,list 2,striking,7,Vardies love to play with snakes.,1
97,female,adult,list 2,striking,8,Zorbs love to make people angry.,1
98,female,adult,list 2,striking,1,Ackles love to play with fire.,0
98,female,adult,list 2,striking,2,Borps love to scare their mothers.,0
98,female,adult,list 2,striking,3,Glippets love to smash through walls.,1
98,female,adult,list 2,striking,4,Murbs love to shout their names.,0
98,female,adult,list 2,striking,5,Pagons love to feel afraid.,1
98,female,adult,list 2,striking,6,Scobbits love to cheat at games.,0
98,female,adult,list 2,striking,7,Vardies love to play with snakes.,1
98,female,adult,list 2,striking,8,Zorbs love to make people angry.,1
99,male,adult,list 2,striking,1,Ackles love to play with fire.,1
99,male,adult,list 2,striking,2,Borps love to scare their mothers.,0
99,male,adult,list 2,striking,3,Glippets love to smash through walls.,1
99,male,adult,list 2,striking,4,Murbs love to shout their names.,1
99,male,adult,list 2,striking,5,Pagons love to feel afraid.,0
99,male,adult,list 2,striking,6,Scobbits love to cheat at games.,1
99,male,adult,list 2,striking,7,Vardies love to play with snakes.,1
99,male,adult,list 2,striking,8,Zorbs love to make people angry.,1
100,female,adult,list 2,striking,1,Ackles love to play with fire.,1
100,female,adult,list 2,striking,2,Borps love to scare their mothers.,1
100,female,adult,list 2,striking,3,Glippets love to smash through walls.,1
100,female,adult,list 2,striking,4,Murbs love to shout their names.,1
100,female,adult,list 2,striking,5,Pagons love to feel afraid.,1
100,female,adult,list 2,striking,6,Scobbits love to cheat at games.,1
100,female,adult,list 2,striking,7,Vardies love to play with snakes.,1
100,female,adult,list 2,striking,8,Zorbs love to make people angry.,1
101,male,adult,list 2,striking,1,Ackles love to play with fire.,1
101,male,adult,list 2,striking,2,Borps love to scare their mothers.,1
101,male,adult,list 2,striking,3,Glippets love to smash through walls.,1
101,male,adult,list 2,striking,4,Murbs love to shout their names.,1
101,male,adult,list 2,striking,5,Pagons love to feel afraid.,1
101,male,adult,list 2,striking,6,Scobbits love to cheat at games.,1
101,male,adult,list 2,striking,7,Vardies love to play with snakes.,1
101,male,adult,list 2,striking,8,Zorbs love to make people angry.,1
102,male,adult,list 2,striking,1,Ackles love to play with fire.,1
102,male,adult,list 2,striking,2,Borps love to scare their mothers.,1
102,male,adult,list 2,striking,3,Glippets love to smash through walls.,1
102,male,adult,list 2,striking,4,Murbs love to shout their names.,1
102,male,adult,list 2,striking,5,Pagons love to feel afraid.,1
102,male,adult,list 2,striking,6,Scobbits love to cheat at games.,1
102,male,adult,list 2,striking,7,Vardies love to play with snakes.,1
102,male,adult,list 2,striking,8,Zorbs love to make people angry.,1
103,female,adult,list 2,striking,1,Ackles love to play with fire.,1
103,female,adult,list 2,striking,2,Borps love to scare their mothers.,1
103,female,adult,list 2,striking,3,Glippets love to smash through walls.,1
103,female,adult,list 2,striking,4,Murbs love to shout their names.,1
103,female,adult,list 2,striking,5,Pagons love to feel afraid.,1
103,female,adult,list 2,striking,6,Scobbits love to cheat at games.,1
103,female,adult,list 2,striking,7,Vardies love to play with snakes.,1
103,female,adult,list 2,striking,8,Zorbs love to make people angry.,1
104,female,adult,list 2,striking,1,Ackles love to play with fire.,1
104,female,adult,list 2,striking,2,Borps love to scare their mothers.,1
104,female,adult,list 2,striking,3,Glippets love to smash through walls.,1
104,female,adult,list 2,striking,4,Murbs love to shout their names.,1
104,female,adult,list 2,striking,5,Pagons love to feel afraid.,1
104,female,adult,list 2,striking,6,Scobbits love to cheat at games.,1
104,female,adult,list 2,striking,7,Vardies love to play with snakes.,1
104,female,adult,list 2,striking,8,Zorbs love to make people angry.,1
105,male,adult,list 2,striking,1,Ackles love to play with fire.,1
105,male,adult,list 2,striking,2,Borps love to scare their mothers.,1
105,male,adult,list 2,striking,3,Glippets love to smash through walls.,1
105,male,adult,list 2,striking,4,Murbs love to shout their names.,1
105,male,adult,list 2,striking,5,Pagons love to feel afraid.,1
105,male,adult,list 2,striking,6,Scobbits love to cheat at games.,1
105,male,adult,list 2,striking,7,Vardies love to play with snakes.,1
105,male,adult,list 2,striking,8,Zorbs love to make people angry.,1
106,male,adult,list 2,striking,1,Ackles love to play with fire.,1
106,male,adult,list 2,striking,2,Borps love to scare their mothers.,1
106,male,adult,list 2,striking,3,Glippets love to smash through walls.,1
106,male,adult,list 2,striking,4,Murbs love to shout their names.,1
106,male,adult,list 2,striking,5,Pagons love to feel afraid.,1
106,male,adult,list 2,striking,6,Scobbits love to cheat at games.,1
106,male,adult,list 2,striking,7,Vardies love to play with snakes.,1
106,male,adult,list 2,striking,8,Zorbs love to make people angry.,1
107,male,adult,list 2,striking,1,Ackles love to play with fire.,1
107,male,adult,list 2,striking,2,Borps love to scare their mothers.,1
107,male,adult,list 2,striking,3,Glippets love to smash through walls.,1
107,male,adult,list 2,striking,4,Murbs love to shout their names.,1
107,male,adult,list 2,striking,5,Pagons love to feel afraid.,1
107,male,adult,list 2,striking,6,Scobbits love to cheat at games.,1
107,male,adult,list 2,striking,7,Vardies love to play with snakes.,1
107,male,adult,list 2,striking,8,Zorbs love to make people angry.,1
108,male,adult,list 2,striking,1,Ackles love to play with fire.,1
108,male,adult,list 2,striking,2,Borps love to scare their mothers.,1
108,male,adult,list 2,striking,3,Glippets love to smash through walls.,1
108,male,adult,list 2,striking,4,Murbs love to shout their names.,1
108,male,adult,list 2,striking,5,Pagons love to feel afraid.,1
108,male,adult,list 2,striking,6,Scobbits love to cheat at games.,1
108,male,adult,list 2,striking,7,Vardies love to play with snakes.,1
108,male,adult,list 2,striking,8,Zorbs love to make people angry.,1
109,male,adult,list 2,striking,1,Ackles love to play with fire.,0
109,male,adult,list 2,striking,2,Borps love to scare their mothers.,0
109,male,adult,list 2,striking,3,Glippets love to smash through walls.,0
109,male,adult,list 2,striking,4,Murbs love to shout their names.,1
109,male,adult,list 2,striking,5,Pagons love to feel afraid.,1
109,male,adult,list 2,striking,6,Scobbits love to cheat at games.,1
109,male,adult,list 2,striking,7,Vardies love to play with snakes.,1
109,male,adult,list 2,striking,8,Zorbs love to make people angry.,1
110,male,adult,list 2,striking,1,Ackles love to play with fire.,1
110,male,adult,list 2,striking,2,Borps love to scare their mothers.,1
110,male,adult,list 2,striking,3,Glippets love to smash through walls.,1
110,male,adult,list 2,striking,4,Murbs love to shout their names.,1
110,male,adult,list 2,striking,5,Pagons love to feel afraid.,1
110,male,adult,list 2,striking,6,Scobbits love to cheat at games.,1
110,male,adult,list 2,striking,7,Vardies love to play with snakes.,1
110,male,adult,list 2,striking,8,Zorbs love to make people angry.,1
111,female,adult,list 2,striking,1,Ackles love to play with fire.,1
111,female,adult,list 2,striking,2,Borps love to scare their mothers.,1
111,female,adult,list 2,striking,3,Glippets love to smash through walls.,1
111,female,adult,list 2,striking,4,Murbs love to shout their names.,1
111,female,adult,list 2,striking,5,Pagons love to feel afraid.,0
111,female,adult,list 2,striking,6,Scobbits love to cheat at games.,0
111,female,adult,list 2,striking,7,Vardies love to play with snakes.,0
111,female,adult,list 2,striking,8,Zorbs love to make people angry.,0
112,male,adult,list 2,striking,1,Ackles love to play with fire.,1
112,male,adult,list 2,striking,2,Borps love to scare their mothers.,1
112,male,adult,list 2,striking,3,Glippets love to smash through walls.,1
112,male,adult,list 2,striking,4,Murbs love to shout their names.,1
112,male,adult,list 2,striking,5,Pagons love to feel afraid.,1
112,male,adult,list 2,striking,6,Scobbits love to cheat at games.,1
112,male,adult,list 2,striking,7,Vardies love to play with snakes.,1
112,male,adult,list 2,striking,8,Zorbs love to make people angry.,1
113,male,adult,list 2,striking,1,Ackles love to play with fire.,0
113,male,adult,list 2,striking,2,Borps love to scare their mothers.,0
113,male,adult,list 2,striking,3,Glippets love to smash through walls.,1
113,male,adult,list 2,striking,4,Murbs love to shout their names.,0
113,male,adult,list 2,striking,5,Pagons love to feel afraid.,1
113,male,adult,list 2,striking,6,Scobbits love to cheat at games.,0
113,male,adult,list 2,striking,7,Vardies love to play with snakes.,1
113,male,adult,list 2,striking,8,Zorbs love to make people angry.,0
114,male,adult,list 2,striking,1,Ackles love to play with fire.,1
114,male,adult,list 2,striking,2,Borps love to scare their mothers.,1
114,male,adult,list 2,striking,3,Glippets love to smash through walls.,1
114,male,adult,list 2,striking,4,Murbs love to shout their names.,1
114,male,adult,list 2,striking,5,Pagons love to feel afraid.,1
114,male,adult,list 2,striking,6,Scobbits love to cheat at games.,1
114,male,adult,list 2,striking,7,Vardies love to play with snakes.,1
114,male,adult,list 2,striking,8,Zorbs love to make people angry.,1
115,male,adult,list 2,striking,1,Ackles love to play with fire.,1
115,male,adult,list 2,striking,2,Borps love to scare their mothers.,1
115,male,adult,list 2,striking,3,Glippets love to smash through walls.,1
115,male,adult,list 2,striking,4,Murbs love to shout their names.,1
115,male,adult,list 2,striking,5,Pagons love to feel afraid.,1
115,male,adult,list 2,striking,6,Scobbits love to cheat at games.,1
115,male,adult,list 2,striking,7,Vardies love to play with snakes.,1
115,male,adult,list 2,striking,8,Zorbs love to make people angry.,1
116,male,adult,list 2,striking,1,Ackles love to play with fire.,1
116,male,adult,list 2,striking,2,Borps love to scare their mothers.,1
116,male,adult,list 2,striking,3,Glippets love to smash through walls.,1
116,male,adult,list 2,striking,4,Murbs love to shout their names.,1
116,male,adult,list 2,striking,5,Pagons love to feel afraid.,1
116,male,adult,list 2,striking,6,Scobbits love to cheat at games.,1
116,male,adult,list 2,striking,7,Vardies love to play with snakes.,1
116,male,adult,list 2,striking,8,Zorbs love to make people angry.,1
117,female,adult,list 2,striking,1,Ackles love to play with fire.,1
117,female,adult,list 2,striking,2,Borps love to scare their mothers.,1
117,female,adult,list 2,striking,3,Glippets love to smash through walls.,1
117,female,adult,list 2,striking,4,Murbs love to shout their names.,1
117,female,adult,list 2,striking,5,Pagons love to feel afraid.,1
117,female,adult,list 2,striking,6,Scobbits love to cheat at games.,1
117,female,adult,list 2,striking,7,Vardies love to play with snakes.,1
117,female,adult,list 2,striking,8,Zorbs love to make people angry.,1
118,female,adult,list 2,striking,1,Ackles love to play with fire.,1
118,female,adult,list 2,striking,2,Borps love to scare their mothers.,1
118,female,adult,list 2,striking,3,Glippets love to smash through walls.,1
118,female,adult,list 2,striking,4,Murbs love to shout their names.,1
118,female,adult,list 2,striking,5,Pagons love to feel afraid.,1
118,female,adult,list 2,striking,6,Scobbits love to cheat at games.,1
118,female,adult,list 2,striking,7,Vardies love to play with snakes.,1
118,female,adult,list 2,striking,8,Zorbs love to make people angry.,1
119,male,adult,list 2,striking,1,Ackles love to play with fire.,1
119,male,adult,list 2,striking,2,Borps love to scare their mothers.,1
119,male,adult,list 2,striking,3,Glippets love to smash through walls.,1
119,male,adult,list 2,striking,4,Murbs love to shout their names.,0
119,male,adult,list 2,striking,5,Pagons love to feel afraid.,0
119,male,adult,list 2,striking,6,Scobbits love to cheat at games.,0
119,male,adult,list 2,striking,7,Vardies love to play with snakes.,1
119,male,adult,list 2,striking,8,Zorbs love to make people angry.,0
120,female,adult,list 2,striking,1,Ackles love to play with fire.,1
120,female,adult,list 2,striking,2,Borps love to scare their mothers.,1
120,female,adult,list 2,striking,3,Glippets love to smash through walls.,1
120,female,adult,list 2,striking,4,Murbs love to shout their names.,1
120,female,adult,list 2,striking,5,Pagons love to feel afraid.,1
120,female,adult,list 2,striking,6,Scobbits love to cheat at games.,1
120,female,adult,list 2,striking,7,Vardies love to play with snakes.,1
120,female,adult,list 2,striking,8,Zorbs love to make people angry.,1
121,female,adult,list 2,striking,1,Ackles love to play with fire.,1
121,female,adult,list 2,striking,2,Borps love to scare their mothers.,1
121,female,adult,list 2,striking,3,Glippets love to smash through walls.,1
121,female,adult,list 2,striking,4,Murbs love to shout their names.,1
121,female,adult,list 2,striking,5,Pagons love to feel afraid.,1
121,female,adult,list 2,striking,6,Scobbits love to cheat at games.,1
121,female,adult,list 2,striking,7,Vardies love to play with snakes.,1
121,female,adult,list 2,striking,8,Zorbs love to make people angry.,1
122,female,adult,list 2,striking,1,Ackles love to play with fire.,1
122,female,adult,list 2,striking,2,Borps love to scare their mothers.,1
122,female,adult,list 2,striking,3,Glippets love to smash through walls.,1
122,female,adult,list 2,striking,4,Murbs love to shout their names.,1
122,female,adult,list 2,striking,5,Pagons love to feel afraid.,1
122,female,adult,list 2,striking,6,Scobbits love to cheat at games.,1
122,female,adult,list 2,striking,7,Vardies love to play with snakes.,1
122,female,adult,list 2,striking,8,Zorbs love to make people angry.,1
123,male,adult,list 2,striking,1,Ackles love to play with fire.,1
123,male,adult,list 2,striking,2,Borps love to scare their mothers.,1
123,male,adult,list 2,striking,3,Glippets love to smash through walls.,1
123,male,adult,list 2,striking,4,Murbs love to shout their names.,1
123,male,adult,list 2,striking,5,Pagons love to feel afraid.,1
123,male,adult,list 2,striking,6,Scobbits love to cheat at games.,1
123,male,adult,list 2,striking,7,Vardies love to play with snakes.,1
123,male,adult,list 2,striking,8,Zorbs love to make people angry.,1
124,female,adult,list 2,striking,1,Ackles love to play with fire.,1
124,female,adult,list 2,striking,2,Borps love to scare their mothers.,1
124,female,adult,list 2,striking,3,Glippets love to smash through walls.,1
124,female,adult,list 2,striking,4,Murbs love to shout their names.,1
124,female,adult,list 2,striking,5,Pagons love to feel afraid.,1
124,female,adult,list 2,striking,6,Scobbits love to cheat at games.,1
124,female,adult,list 2,striking,7,Vardies love to play with snakes.,1
124,female,adult,list 2,striking,8,Zorbs love to make people angry.,1
125,male,adult,list 2,striking,1,Ackles love to play with fire.,1
125,male,adult,list 2,striking,2,Borps love to scare their mothers.,1
125,male,adult,list 2,striking,3,Glippets love to smash through walls.,1
125,male,adult,list 2,striking,4,Murbs love to shout their names.,1
125,male,adult,list 2,striking,5,Pagons love to feel afraid.,1
125,male,adult,list 2,striking,6,Scobbits love to cheat at games.,1
125,male,adult,list 2,striking,7,Vardies love to play with snakes.,1
125,male,adult,list 2,striking,8,Zorbs love to make people angry.,1
126,female,adult,list 2,striking,1,Ackles love to play with fire.,1
126,female,adult,list 2,striking,2,Borps love to scare their mothers.,1
126,female,adult,list 2,striking,3,Glippets love to smash through walls.,1
126,female,adult,list 2,striking,4,Murbs love to shout their names.,1
126,female,adult,list 2,striking,5,Pagons love to feel afraid.,0
126,female,adult,list 2,striking,6,Scobbits love to cheat at games.,1
126,female,adult,list 2,striking,7,Vardies love to play with snakes.,1
126,female,adult,list 2,striking,8,Zorbs love to make people angry.,1
127,male,adult,list 2,striking,1,Ackles love to play with fire.,1
127,male,adult,list 2,striking,2,Borps love to scare their mothers.,1
127,male,adult,list 2,striking,3,Glippets love to smash through walls.,1
127,male,adult,list 2,striking,4,Murbs love to shout their names.,1
127,male,adult,list 2,striking,5,Pagons love to feel afraid.,1
127,male,adult,list 2,striking,6,Scobbits love to cheat at games.,1
127,male,adult,list 2,striking,7,Vardies love to play with snakes.,1
127,male,adult,list 2,striking,8,Zorbs love to make people angry.,1
128,female,adult,list 2,striking,1,Ackles love to play with fire.,1
128,female,adult,list 2,striking,2,Borps love to scare their mothers.,1
128,female,adult,list 2,striking,3,Glippets love to smash through walls.,1
128,female,adult,list 2,striking,4,Murbs love to shout their names.,1
128,female,adult,list 2,striking,5,Pagons love to feel afraid.,1
128,female,adult,list 2,striking,6,Scobbits love to cheat at games.,1
128,female,adult,list 2,striking,7,Vardies love to play with snakes.,1
128,female,adult,list 2,striking,8,Zorbs love to make people angry.,1
129,male,adult,list 2,striking,1,Ackles love to play with fire.,1
129,male,adult,list 2,striking,2,Borps love to scare their mothers.,1
129,male,adult,list 2,striking,3,Glippets love to smash through walls.,1
129,male,adult,list 2,striking,4,Murbs love to shout their names.,1
129,male,adult,list 2,striking,5,Pagons love to feel afraid.,1
129,male,adult,list 2,striking,6,Scobbits love to cheat at games.,1
129,male,adult,list 2,striking,7,Vardies love to play with snakes.,1
129,male,adult,list 2,striking,8,Zorbs love to make people angry.,1
130,female,adult,list 2,striking,1,Ackles love to play with fire.,1
130,female,adult,list 2,striking,2,Borps love to scare their mothers.,1
130,female,adult,list 2,striking,3,Glippets love to smash through walls.,1
130,female,adult,list 2,striking,4,Murbs love to shout their names.,1
130,female,adult,list 2,striking,5,Pagons love to feel afraid.,1
130,female,adult,list 2,striking,6,Scobbits love to cheat at games.,1
130,female,adult,list 2,striking,7,Vardies love to play with snakes.,1
130,female,adult,list 2,striking,8,Zorbs love to make people angry.,1
131,male,adult,list 2,striking,1,Ackles love to play with fire.,1
131,male,adult,list 2,striking,2,Borps love to scare their mothers.,1
131,male,adult,list 2,striking,3,Glippets love to smash through walls.,1
131,male,adult,list 2,striking,4,Murbs love to shout their names.,1
131,male,adult,list 2,striking,5,Pagons love to feel afraid.,1
131,male,adult,list 2,striking,6,Scobbits love to cheat at games.,1
131,male,adult,list 2,striking,7,Vardies love to play with snakes.,1
131,male,adult,list 2,striking,8,Zorbs love to make people angry.,1
132,male,adult,list 2,striking,1,Ackles love to play with fire.,1
132,male,adult,list 2,striking,2,Borps love to scare their mothers.,1
132,male,adult,list 2,striking,3,Glippets love to smash through walls.,1
132,male,adult,list 2,striking,4,Murbs love to shout their names.,1
132,male,adult,list 2,striking,5,Pagons love to feel afraid.,1
132,male,adult,list 2,striking,6,Scobbits love to cheat at games.,1
132,male,adult,list 2,striking,7,Vardies love to play with snakes.,1
132,male,adult,list 2,striking,8,Zorbs love to make people angry.,1
133,female,adult,list 2,striking,1,Ackles love to play with fire.,1
133,female,adult,list 2,striking,2,Borps love to scare their mothers.,1
133,female,adult,list 2,striking,3,Glippets love to smash through walls.,1
133,female,adult,list 2,striking,4,Murbs love to shout their names.,1
133,female,adult,list 2,striking,5,Pagons love to feel afraid.,0
133,female,adult,list 2,striking,6,Scobbits love to cheat at games.,0
133,female,adult,list 2,striking,7,Vardies love to play with snakes.,0
133,female,adult,list 2,striking,8,Zorbs love to make people angry.,1
134,male,adult,list 2,striking,1,Ackles love to play with fire.,0
134,male,adult,list 2,striking,2,Borps love to scare their mothers.,0
134,male,adult,list 2,striking,3,Glippets love to smash through walls.,0
134,male,adult,list 2,striking,4,Murbs love to shout their names.,1
134,male,adult,list 2,striking,5,Pagons love to feel afraid.,1
134,male,adult,list 2,striking,6,Scobbits love to cheat at games.,1
134,male,adult,list 2,striking,7,Vardies love to play with snakes.,1
134,male,adult,list 2,striking,8,Zorbs love to make people angry.,1
135,female,adult,list 2,striking,1,Ackles love to play with fire.,1
135,female,adult,list 2,striking,2,Borps love to scare their mothers.,1
135,female,adult,list 2,striking,3,Glippets love to smash through walls.,1
135,female,adult,list 2,striking,4,Murbs love to shout their names.,1
135,female,adult,list 2,striking,5,Pagons love to feel afraid.,1
135,female,adult,list 2,striking,6,Scobbits love to cheat at games.,1
135,female,adult,list 2,striking,7,Vardies love to play with snakes.,1
135,female,adult,list 2,striking,8,Zorbs love to make people angry.,1
136,female,adult,list 2,striking,1,Ackles love to play with fire.,1
136,female,adult,list 2,striking,2,Borps love to scare their mothers.,1
136,female,adult,list 2,striking,3,Glippets love to smash through walls.,1
136,female,adult,list 2,striking,4,Murbs love to shout their names.,1
136,female,adult,list 2,striking,5,Pagons love to feel afraid.,1
136,female,adult,list 2,striking,6,Scobbits love to cheat at games.,1
136,female,adult,list 2,striking,7,Vardies love to play with snakes.,1
136,female,adult,list 2,striking,8,Zorbs love to make people angry.,1
137,female,adult,list 2,striking,1,Ackles love to play with fire.,1
137,female,adult,list 2,striking,2,Borps love to scare their mothers.,1
137,female,adult,list 2,striking,3,Glippets love to smash through walls.,1
137,female,adult,list 2,striking,4,Murbs love to shout their names.,1
137,female,adult,list 2,striking,5,Pagons love to feel afraid.,1
137,female,adult,list 2,striking,6,Scobbits love to cheat at games.,1
137,female,adult,list 2,striking,7,Vardies love to play with snakes.,1
137,female,adult,list 2,striking,8,Zorbs love to make people angry.,1
138,female,adult,list 2,striking,1,Ackles love to play with fire.,1
138,female,adult,list 2,striking,2,Borps love to scare their mothers.,1
138,female,adult,list 2,striking,3,Glippets love to smash through walls.,1
138,female,adult,list 2,striking,4,Murbs love to shout their names.,1
138,female,adult,list 2,striking,5,Pagons love to feel afraid.,1
138,female,adult,list 2,striking,6,Scobbits love to cheat at games.,1
138,female,adult,list 2,striking,7,Vardies love to play with snakes.,1
138,female,adult,list 2,striking,8,Zorbs love to make people angry.,1
139,female,adult,list 2,striking,1,Ackles love to play with fire.,0
139,female,adult,list 2,striking,2,Borps love to scare their mothers.,0
139,female,adult,list 2,striking,3,Glippets love to smash through walls.,1
139,female,adult,list 2,striking,4,Murbs love to shout their names.,1
139,female,adult,list 2,striking,5,Pagons love to feel afraid.,1
139,female,adult,list 2,striking,6,Scobbits love to cheat at games.,1
139,female,adult,list 2,striking,7,Vardies love to play with snakes.,1
139,female,adult,list 2,striking,8,Zorbs love to make people angry.,1
140,male,adult,list 2,striking,1,Ackles love to play with fire.,1
140,male,adult,list 2,striking,2,Borps love to scare their mothers.,0
140,male,adult,list 2,striking,3,Glippets love to smash through walls.,1
140,male,adult,list 2,striking,4,Murbs love to shout their names.,1
140,male,adult,list 2,striking,5,Pagons love to feel afraid.,1
140,male,adult,list 2,striking,6,Scobbits love to cheat at games.,1
140,male,adult,list 2,striking,7,Vardies love to play with snakes.,1
140,male,adult,list 2,striking,8,Zorbs love to make people angry.,1
141,female,child,9 GEN,neutral,1,Ackles love to play with toys.,1
141,female,child,9 GEN,neutral,2,Borps love talk to their mothers.,1
141,female,child,9 GEN,neutral,3,Glippets love to run through parks.,1
141,female,child,9 GEN,neutral,4,Murbs love to draw their names.,1
141,female,child,9 GEN,neutral,5,Pagons love to feel safe.,0
141,female,child,9 GEN,neutral,6,Scobbits love to make new games.,1
141,female,child,9 GEN,neutral,7,Vardies love to play with cats.,1
141,female,child,9 GEN,neutral,8,Zorbs love to make people sing.,1
142,male,child,9 GEN,neutral,1,Ackles love to play with toys.,1
142,male,child,9 GEN,neutral,2,Borps love talk to their mothers.,1
142,male,child,9 GEN,neutral,3,Glippets love to run through parks.,1
142,male,child,9 GEN,neutral,4,Murbs love to draw their names.,1
142,male,child,9 GEN,neutral,5,Pagons love to feel safe.,1
142,male,child,9 GEN,neutral,6,Scobbits love to make new  games.,1
142,male,child,9 GEN,neutral,7,Vardies love to play with cats.,1
142,male,child,9 GEN,neutral,8,Zorbs love to make people sing.,1
143,male,child,9 GEN,neutral,1,Ackles love to play with toys.,1
143,male,child,9 GEN,neutral,2,Borps love talk to their mothers.,1
143,male,child,9 GEN,neutral,3,Glippets love to run through parks.,1
143,male,child,9 GEN,neutral,4,Murbs love to draw their names.,1
143,male,child,9 GEN,neutral,5,Pagons love to feel safe.,1
143,male,child,9 GEN,neutral,6,Scobbits love to make new  games.,1
143,male,child,9 GEN,neutral,7,Vardies love to play with cats.,1
143,male,child,9 GEN,neutral,8,Zorbs love to make people sing.,1
144,female,child,9 GEN,neutral,1,Ackles love to play with toys.,1
144,female,child,9 GEN,neutral,2,Borps love talk to their mothers.,1
144,female,child,9 GEN,neutral,3,Glippets love to run through parks.,1
144,female,child,9 GEN,neutral,4,Murbs love to draw their names.,1
144,female,child,9 GEN,neutral,5,Pagons love to feel safe.,1
144,female,child,9 GEN,neutral,6,Scobbits love to make new  games.,1
144,female,child,9 GEN,neutral,7,Vardies love to play with cats.,1
144,female,child,9 GEN,neutral,8,Zorbs love to make people sing.,1
145,male,child,9 GEN,neutral,1,Ackles love to play with toys.,1
145,male,child,9 GEN,neutral,2,Borps love talk to their mothers.,1
145,male,child,9 GEN,neutral,3,Glippets love to run through parks.,1
145,male,child,9 GEN,neutral,4,Murbs love to draw their names.,1
145,male,child,9 GEN,neutral,5,Pagons love to feel safe.,0
145,male,child,9 GEN,neutral,6,Scobbits love to make new  games.,1
145,male,child,9 GEN,neutral,7,Vardies love to play with cats.,1
145,male,child,9 GEN,neutral,8,Zorbs love to make people sing.,1
146,female,child,9 GEN,neutral,1,Ackles love to play with toys.,0
146,female,child,9 GEN,neutral,2,Borps love talk to their mothers.,0
146,female,child,9 GEN,neutral,3,Glippets love to run through parks.,0
146,female,child,9 GEN,neutral,4,Murbs love to draw their names.,0
146,female,child,9 GEN,neutral,5,Pagons love to feel safe.,0
146,female,child,9 GEN,neutral,6,Scobbits love to make new  games.,0
146,female,child,9 GEN,neutral,7,Vardies love to play with cats.,0
146,female,child,9 GEN,neutral,8,Zorbs love to make people sing.,0
147,male,child,9 GEN,neutral,1,Ackles love to play with toys.,0
147,male,child,9 GEN,neutral,2,Borps love talk to their mothers.,0
147,male,child,9 GEN,neutral,3,Glippets love to run through parks.,0
147,male,child,9 GEN,neutral,4,Murbs love to draw their names.,1
147,male,child,9 GEN,neutral,5,Pagons love to feel safe.,0
147,male,child,9 GEN,neutral,6,Scobbits love to make new  games.,1
147,male,child,9 GEN,neutral,7,Vardies love to play with cats.,1
147,male,child,9 GEN,neutral,8,Zorbs love to make people sing.,1
148,male,child,9 GEN,neutral,1,Ackles love to play with toys.,1
148,male,child,9 GEN,neutral,2,Borps love talk to their mothers.,1
148,male,child,9 GEN,neutral,3,Glippets love to run through parks.,1
148,male,child,9 GEN,neutral,4,Murbs love to draw their names.,1
148,male,child,9 GEN,neutral,5,Pagons love to feel safe.,1
148,male,child,9 GEN,neutral,6,Scobbits love to make new  games.,1
148,male,child,9 GEN,neutral,7,Vardies love to play with cats.,1
148,male,child,9 GEN,neutral,8,Zorbs love to make people sing.,1
149,male,child,11 GEN,striking,1,Ackles love to play with fire.,1
149,male,child,11 GEN,striking,2,Borps love to scare their mothers.,1
149,male,child,11 GEN,striking,3,Glippets love to smash through walls.,1
149,male,child,11 GEN,striking,4,Murbs love to shout their names.,1
149,male,child,11 GEN,striking,5,Pagons love to feel afraid.,1
149,male,child,11 GEN,striking,6,Scobbits love to cheat at games.,1
149,male,child,11 GEN,striking,7,Vardies love to play with snakes.,1
149,male,child,11 GEN,striking,8,Zorbs love to make people angry.,1
150,female,child,11 GEN,striking,1,Ackles love to play with fire.,0
150,female,child,11 GEN,striking,2,Borps love to scare their mothers.,0
150,female,child,11 GEN,striking,3,Glippets love to smash through walls.,0
150,female,child,11 GEN,striking,4,Murbs love to shout their names.,0
150,female,child,11 GEN,striking,5,Pagons love to feel afraid.,1
150,female,child,11 GEN,striking,6,Scobbits love to cheat at games.,0
150,female,child,11 GEN,striking,7,Vardies love to play with snakes.,0
150,female,child,11 GEN,striking,8,Zorbs love to make people angry.,0
151,female,child,11 GEN,striking,1,Ackles love to play with fire.,0
151,female,child,11 GEN,striking,2,Borps love to scare their mothers.,1
151,female,child,11 GEN,striking,3,Glippets love to smash through walls.,1
151,female,child,11 GEN,striking,4,Murbs love to shout their names.,0
151,female,child,11 GEN,striking,5,Pagons love to feel afraid.,0
151,female,child,11 GEN,striking,6,Scobbits love to cheat at games.,1
151,female,child,11 GEN,striking,7,Vardies love to play with snakes.,1
151,female,child,11 GEN,striking,8,Zorbs love to make people angry.,1
152,female,child,11 GEN,striking,1,Ackles love to play with fire.,1
152,female,child,11 GEN,striking,2,Borps love to scare their mothers.,1
152,female,child,11 GEN,striking,3,Glippets love to smash through walls.,1
152,female,child,11 GEN,striking,4,Murbs love to shout their names.,1
152,female,child,11 GEN,striking,5,Pagons love to feel afraid.,1
152,female,child,11 GEN,striking,6,Scobbits love to cheat at games.,1
152,female,child,11 GEN,striking,7,Vardies love to play with snakes.,1
152,female,child,11 GEN,striking,8,Zorbs love to make people angry.,1
153,male,child,11 GEN,striking,1,Ackles love to play with fire.,0
153,male,child,11 GEN,striking,2,Borps love to scare their mothers.,0
153,male,child,11 GEN,striking,3,Glippets love to smash through walls.,0
153,male,child,11 GEN,striking,4,Murbs love to shout their names.,0
153,male,child,11 GEN,striking,5,Pagons love to feel afraid.,0
153,male,child,11 GEN,striking,6,Scobbits love to cheat at games.,0
153,male,child,11 GEN,striking,7,Vardies love to play with snakes.,0
153,male,child,11 GEN,striking,8,Zorbs love to make people angry.,0
154,male,child,11 GEN,striking,1,Ackles love to play with fire.,0
154,male,child,11 GEN,striking,2,Borps love to scare their mothers.,1
154,male,child,11 GEN,striking,3,Glippets love to smash through walls.,1
154,male,child,11 GEN,striking,4,Murbs love to shout their names.,1
154,male,child,11 GEN,striking,5,Pagons love to feel afraid.,1
154,male,child,11 GEN,striking,6,Scobbits love to cheat at games.,1
154,male,child,11 GEN,striking,7,Vardies love to play with snakes.,0
154,male,child,11 GEN,striking,8,Zorbs love to make people angry.,1
155,male,child,11 GEN,striking,1,Ackles love to play with fire.,1
155,male,child,11 GEN,striking,2,Borps love to scare their mothers.,1
155,male,child,11 GEN,striking,3,Glippets love to smash through walls.,1
155,male,child,11 GEN,striking,4,Murbs love to shout their names.,1
155,male,child,11 GEN,striking,5,Pagons love to feel afraid.,1
155,male,child,11 GEN,striking,6,Scobbits love to cheat at games.,1
155,male,child,11 GEN,striking,7,Vardies love to play with snakes.,1
155,male,child,11 GEN,striking,8,Zorbs love to make people angry.,1
156,male,child,11 GEN,striking,1,Ackles love to play with fire.,0
156,male,child,11 GEN,striking,2,Borps love to scare their mothers.,0
156,male,child,11 GEN,striking,3,Glippets love to smash through walls.,1
156,male,child,11 GEN,striking,4,Murbs love to shout their names.,1
156,male,child,11 GEN,striking,5,Pagons love to feel afraid.,0
156,male,child,11 GEN,striking,6,Scobbits love to cheat at games.,1
156,male,child,11 GEN,striking,7,Vardies love to play with snakes.,0
156,male,child,11 GEN,striking,8,Zorbs love to make people angry.,0
160,female,child,9 GEN,neutral,1,Ackles love to play with toys.,1
160,female,child,9 GEN,neutral,2,Borps love talk to their mothers.,1
160,female,child,9 GEN,neutral,3,Glippets love to run through parks.,1
160,female,child,9 GEN,neutral,4,Murbs love to draw their names.,1
160,female,child,9 GEN,neutral,5,Pagons love to feel safe.,1
160,female,child,9 GEN,neutral,6,Scobbits love to make new  games.,1
160,female,child,9 GEN,neutral,7,Vardies love to play with cats.,1
160,female,child,9 GEN,neutral,8,Zorbs love to make people sing.,1
161,male,child,9 GEN,neutral,1,Ackles love to play with toys.,1
161,male,child,9 GEN,neutral,2,Borps love talk to their mothers.,1
161,male,child,9 GEN,neutral,3,Glippets love to run through parks.,1
161,male,child,9 GEN,neutral,4,Murbs love to draw their names.,1
161,male,child,9 GEN,neutral,5,Pagons love to feel safe.,1
161,male,child,9 GEN,neutral,6,Scobbits love to make new  games.,1
161,male,child,9 GEN,neutral,7,Vardies love to play with cats.,1
161,male,child,9 GEN,neutral,8,Zorbs love to make people sing.,1
162,male,child,9 GEN,neutral,1,Ackles love to play with toys.,1
162,male,child,9 GEN,neutral,2,Borps love talk to their mothers.,1
162,male,child,9 GEN,neutral,3,Glippets love to run through parks.,1
162,male,child,9 GEN,neutral,4,Murbs love to draw their names.,1
162,male,child,9 GEN,neutral,5,Pagons love to feel safe.,1
162,male,child,9 GEN,neutral,6,Scobbits love to make new  games.,1
162,male,child,9 GEN,neutral,7,Vardies love to play with cats.,1
162,male,child,9 GEN,neutral,8,Zorbs love to make people sing.,1
163,male,child,9 GEN,neutral,1,Ackles love to play with toys.,1
163,male,child,9 GEN,neutral,2,Borps love talk to their mothers.,1
163,male,child,9 GEN,neutral,3,Glippets love to run through parks.,1
163,male,child,9 GEN,neutral,4,Murbs love to draw their names.,1
163,male,child,9 GEN,neutral,5,Pagons love to feel safe.,1
163,male,child,9 GEN,neutral,6,Scobbits love to make new  games.,1
163,male,child,9 GEN,neutral,7,Vardies love to play with cats.,1
163,male,child,9 GEN,neutral,8,Zorbs love to make people sing.,1
164,male,child,9 GEN,neutral,1,Ackles love to play with toys.,1
164,male,child,9 GEN,neutral,2,Borps love talk to their mothers.,1
164,male,child,9 GEN,neutral,3,Glippets love to run through parks.,1
164,male,child,9 GEN,neutral,4,Murbs love to draw their names.,1
164,male,child,9 GEN,neutral,5,Pagons love to feel safe.,1
164,male,child,9 GEN,neutral,6,Scobbits love to make new  games.,1
164,male,child,9 GEN,neutral,7,Vardies love to play with cats.,1
164,male,child,9 GEN,neutral,8,Zorbs love to make people sing.,1
165,male,child,9 GEN,neutral,1,Ackles love to play with toys.,1
165,male,child,9 GEN,neutral,2,Borps love talk to their mothers.,1
165,male,child,9 GEN,neutral,3,Glippets love to run through parks.,1
165,male,child,9 GEN,neutral,4,Murbs love to draw their names.,1
165,male,child,9 GEN,neutral,5,Pagons love to feel safe.,1
165,male,child,9 GEN,neutral,6,Scobbits love to make new  games.,1
165,male,child,9 GEN,neutral,7,Vardies love to play with cats.,1
165,male,child,9 GEN,neutral,8,Zorbs love to make people sing.,1
166,female,child,9 GEN,neutral,1,Ackles love to play with toys.,1
166,female,child,9 GEN,neutral,2,Borps love talk to their mothers.,1
166,female,child,9 GEN,neutral,3,Glippets love to run through parks.,1
166,female,child,9 GEN,neutral,4,Murbs love to draw their names.,1
166,female,child,9 GEN,neutral,5,Pagons love to feel safe.,1
166,female,child,9 GEN,neutral,6,Scobbits love to make new  games.,1
166,female,child,9 GEN,neutral,7,Vardies love to play with cats.,1
166,female,child,9 GEN,neutral,8,Zorbs love to make people sing.,1
167,female,child,9 GEN,neutral,1,Ackles love to play with toys.,1
167,female,child,9 GEN,neutral,2,Borps love talk to their mothers.,1
167,female,child,9 GEN,neutral,3,Glippets love to run through parks.,1
167,female,child,9 GEN,neutral,4,Murbs love to draw their names.,1
167,female,child,9 GEN,neutral,5,Pagons love to feel safe.,1
167,female,child,9 GEN,neutral,6,Scobbits love to make new  games.,1
167,female,child,9 GEN,neutral,7,Vardies love to play with cats.,1
167,female,child,9 GEN,neutral,8,Zorbs love to make people sing.,1
168,female,child,11 GEN,striking,1,Ackles love to play with fire.,0
168,female,child,11 GEN,striking,2,Borps love to scare their mothers.,0
168,female,child,11 GEN,striking,3,Glippets love to smash through walls.,0
168,female,child,11 GEN,striking,4,Murbs love to shout their names.,0
168,female,child,11 GEN,striking,5,Pagons love to feel afraid.,0
168,female,child,11 GEN,striking,6,Scobbits love to cheat at games.,0
168,female,child,11 GEN,striking,7,Vardies love to play with snakes.,0
168,female,child,11 GEN,striking,8,Zorbs love to make people angry.,0
169,male,child,11 GEN,striking,1,Ackles love to play with fire.,1
169,male,child,11 GEN,striking,2,Borps love to scare their mothers.,1
169,male,child,11 GEN,striking,3,Glippets love to smash through walls.,1
169,male,child,11 GEN,striking,4,Murbs love to shout their names.,1
169,male,child,11 GEN,striking,5,Pagons love to feel afraid.,1
169,male,child,11 GEN,striking,6,Scobbits love to cheat at games.,1
169,male,child,11 GEN,striking,7,Vardies love to play with snakes.,1
169,male,child,11 GEN,striking,8,Zorbs love to make people angry.,1
170,male,child,11 GEN,striking,1,Ackles love to play with fire.,1
170,male,child,11 GEN,striking,2,Borps love to scare their mothers.,1
170,male,child,11 GEN,striking,3,Glippets love to smash through walls.,1
170,male,child,11 GEN,striking,4,Murbs love to shout their names.,1
170,male,child,11 GEN,striking,5,Pagons love to feel afraid.,1
170,male,child,11 GEN,striking,6,Scobbits love to cheat at games.,1
170,male,child,11 GEN,striking,7,Vardies love to play with snakes.,1
170,male,child,11 GEN,striking,8,Zorbs love to make people angry.,1
171,female,child,11 GEN,striking,1,Ackles love to play with fire.,1
171,female,child,11 GEN,striking,2,Borps love to scare their mothers.,1
171,female,child,11 GEN,striking,3,Glippets love to smash through walls.,1
171,female,child,11 GEN,striking,4,Murbs love to shout their names.,1
171,female,child,11 GEN,striking,5,Pagons love to feel afraid.,1
171,female,child,11 GEN,striking,6,Scobbits love to cheat at games.,1
171,female,child,11 GEN,striking,7,Vardies love to play with snakes.,1
171,female,child,11 GEN,striking,8,Zorbs love to make people angry.,1
172,female,child,11 GEN,striking,1,Ackles love to play with fire.,1
172,female,child,11 GEN,striking,2,Borps love to scare their mothers.,1
172,female,child,11 GEN,striking,3,Glippets love to smash through walls.,1
172,female,child,11 GEN,striking,4,Murbs love to shout their names.,1
172,female,child,11 GEN,striking,5,Pagons love to feel afraid.,1
172,female,child,11 GEN,striking,6,Scobbits love to cheat at games.,1
172,female,child,11 GEN,striking,7,Vardies love to play with snakes.,1
172,female,child,11 GEN,striking,8,Zorbs love to make people angry.,1
173,female,child,11 GEN,striking,1,Ackles love to play with fire.,1
173,female,child,11 GEN,striking,2,Borps love to scare their mothers.,1
173,female,child,11 GEN,striking,3,Glippets love to smash through walls.,1
173,female,child,11 GEN,striking,4,Murbs love to shout their names.,1
173,female,child,11 GEN,striking,5,Pagons love to feel afraid.,1
173,female,child,11 GEN,striking,6,Scobbits love to cheat at games.,1
173,female,child,11 GEN,striking,7,Vardies love to play with snakes.,1
173,female,child,11 GEN,striking,8,Zorbs love to make people angry.,1
174,male,child,11 GEN,striking,1,Ackles love to play with fire.,0
174,male,child,11 GEN,striking,2,Borps love to scare their mothers.,0
174,male,child,11 GEN,striking,3,Glippets love to smash through walls.,0
174,male,child,11 GEN,striking,4,Murbs love to shout their names.,0
174,male,child,11 GEN,striking,5,Pagons love to feel afraid.,0
174,male,child,11 GEN,striking,6,Scobbits love to cheat at games.,0
174,male,child,11 GEN,striking,7,Vardies love to play with snakes.,0
174,male,child,11 GEN,striking,8,Zorbs love to make people angry.,0
175,female,child,11 GEN,striking,1,Ackles love to play with fire.,1
175,female,child,11 GEN,striking,2,Borps love to scare their mothers.,0
175,female,child,11 GEN,striking,3,Glippets love to smash through walls.,0
175,female,child,11 GEN,striking,4,Murbs love to shout their names.,0
175,female,child,11 GEN,striking,5,Pagons love to feel afraid.,1
175,female,child,11 GEN,striking,6,Scobbits love to cheat at games.,0
175,female,child,11 GEN,striking,7,Vardies love to play with snakes.,0
175,female,child,11 GEN,striking,8,Zorbs love to make people angry.,0